FIELD,TOPIC,LANGUAGE,CATEGORY,BIBTEXKEY,AUTHOR,EDITOR,TITLE,YEAR,TITLE_TRANSLATION,PUBLISHER,ADDRESS,PAGES,BOOKTITLE,BOOKTITLE_TRANSLATION,JOURNAL,VOLUME,NUMBER,SCHOOL,NOTE,URL,DOI,ABSTRACT
linguistics,valency,,book,tesniуre1959,"Tesnière, Lucien",,Éléments de syntaxe structurale,1959,,Klincksieck,Paris,,,,,,,,,,,
linguistics,causation,Japanese,article,kurodo1965,"Kurodo, S. Y.",,Causative Forms in Japanese,1965,,,,30-50,,,Foundations of Language,1,,,,,,
linguistics,causation,,incollection,lakoff1968,"Lakoff, George","Kuno, S.","Some Verbs of Change and Causation",1968,,Harvard University Press,"Cambridge, MA",1-27,"Mathematical linguistics and automatic translation, Report NSF-20",,,,,,,,,
linguistics,argument structure,,incollection,fillmore1968,"Fillmore, Charles J.","Bach, E. and Harms, R. T.",The case for case,1968,,"Holt, Rinehart and Winston",New York,1-88,Universals in Linguistic Theory,,,,,,,,https://doi.org/10.1016/0141-9331(86)90222-X,
"linguistics, linguistic typology",causation,,incollection,nedyalkov1969,"Недялков, Владимир Петрович","Вардуль, Игорь Фридрихович ",Некоторые вероятностные универсалии в глагольном словообразовании,1969,Some probabilistic universals in verbal word-formation,Наука,Москва,106-114,Языковые универсалии и лингвистическая типология,Language universals and linguistic typology,,,,,,,,
"linguistics, linguistic typology",causation,,incollection,nedyalkovsilnitskiy1969a,"Недялков, Владимир Петрович and Сильницкий, Георгий Георгиевич","Холодович, Александр Алексеевич",Типология каузативных конструкций,1969,The Typology of Causative Constructions,Наука,Ленинград,5-19,Типология каузативных конструкций: морфологический каузатив,The Typology of Causative Constructions: The Morphological Causative,,,,,,,,
"linguistics, linguistic typology",causation,,incollection,nedyalkovsilnitskiy1969b,"Недялков, Владимир Петрович and Сильницкий, Георгий Георгиевич","Холодович, Александр Алексеевич",Типология морфологического и лексического каузативов,1969,The Typology of Causative Constructions,Наука,Ленинград,20-50,Типология каузативных конструкций: морфологический каузатив,The Typology of Causative Constructions: The Morphological Causative,,,,,,,,
"linguistics, linguistic typology",causation,,book,xolodovic1969,,"Холодович, Александр Алексеевич",Типология каузативных конструкций: морфологический каузатив,1969,The Typology of Causative Constructions: The Morphological Causative,Наука,Ленинград,311 с.,,,,,,,,,,
"linguistics, semantics, syntax",argument structure,English,incollection,fillmore1970,"Fillmore, Charles J.","Jacobs, R. A. and Rosenbaum, P. A.  ",The grammar of hitting and breaking,1970,,Ginn,"Waltham, Mass",120-133,Readings in English transformational grammar,,,,,,,,,
"linguistics, semantics, syntax","argument structure, event structure",English,article,fodor1970,"Fodor, Jerry Alan",,"Three Reasons for Not Deriving ""Kill"" from ""Cause to Die""",1970,,,,429-438,,,Linguistic Inquiry,1,4,,,,,
"linguistics, semantics, syntax","causation, passive",Sonrai,article,shopenkonare1970,"Shopen, Tim and Konaré, Mamado",,Sonrai causatives and passives: transformational versus lexical derivations for propositional heads,1970,,,,211-254,,,Studies in African Linguistics,1,,,,,,"Shopen and Konare consider the implications of treating grammatical relations as correspondences between deep structure configurations and semantic functions, correspondences defined in lexical entries for propositional heads. Sonrai, like Kachin, Turkic, Japanese, and Korean, expresses both direct and indirect causation in the simple sentence, deriving causative verbs from agential verbs by suffixation. However, while the morphological form for the affix is invariant, the case semantic functions of the derived causatives are changed in different ways for differentverbs. Shopen and Konare take this as motivation for lexical, rather than transformational, derivation of Sonrai causatives, arguing that transformations should not change the value of lexical items as propositional heads. Agentless passives in Sonrai are more likely candidates for transformational derivation, since their semantic relationship to actives is specifiable. On the other hand, these medio-passive constructions may be lexically derived from elliptical sentences in deep structure, that is, sentences lacking deep structure subjects. The authors conclude that complicated transformational machinery is not necessary to characterize Sonrai grammar. Transformations in this language are essentially limited to permutation operations. Shopen and Konare include an important generalization for universal grammar in their article: There are no SVO languages where the leftmost NP in an NP-verb-NP sentence has the semantic function THEME, unless the sentence is passive or topicalized; in SVO languages, the grammatical relation for transitive verbs is Agent-verb THEME, and for intransitive verbs it is THEME-verb."
"linguistics, semantics","verbs, implication",,article,karttunen1971,"Karttunen, Lauri",,Implicative verbs,1971,,,,340-358,,,Language ,47,2,,,https://www.researchgate.net/publication/271696228_Implicative_Verbs,DOI: 10.2307/412084,
linguistics,causation,English,article,babcock1972,"Babcock, S.",,Paraphrastic Causatives,1972,,,,30-43,,,Foundations of Language ,8,,,,,,
"linguistics, syntax",causation,,article,lakoffross1972,"Lakoff, G. and Ross, J. R.",,A Note on Anaphoric Islands and Causatives,1972,,,,121-125,,,Linguistic Inquiry,3,,,,,,
"linguistics, semantics, syntax","argument structure, event structure",Japanese,incollection,shibatani1972,"Shibatani, Masayoshi","Kimball, John. P.",Three Reasons for Not Deriving ‘Kill’ from ‘Cause to Die’ in Japanese,1972,,Brill,Leiden,125-137,Syntax and Semantics Volume 1,,,,,,,https://brill.com/display/book/edcoll/9789004372986/BP000010.xml,,
linguistics,"causation, transitivity",Gorum,article,zide1972,"Zide, Arlene R. K.",,Transitive and Causative in Gorum,1972,,,,201-215,,,Journal of Linguistics,8,,,,,,"This study is concerned with the notion causative and its relationship to the categories transitive and intransitive in Gorum, a Munda language. In Gorum, voice - the relations among participants and between participants and a specified action - is bound up in such a way with problems of causativization that consideration of voice requires a reassessment of traditional definitions of both these categories. It is the case that certain verbs in Gorum impose a semantic presupposition on their subjects, these presuppositional qualities having overt morphological realizations as affixes. The problem is that while these affixes may be mistakenly identified as markers of transitivity, they are, in effect, more significantly related to the notion effectum/affectum. For example, since certain verbs like fear affect only their subjects, they are not technically semantically transitive and should not be confused with true transitive verbs where subject affects object in some significant way. It is crucial that the semantic information, as well as morphological shape of given verbs, be defined in Gorum's lexicon. This is important because the relationships among participants in lower sentences and their transformationally connected higher sentences are not as dependent on the transitivity of the verbs as on their semantic properties. The implications are fareaching. Relationships of voice, transitivity, and volition cannot be discovered without an understanding of the semantic properties of primary verbs in deep structures. The notion ""causative"" needs a reevaluation in these terms."
linguistics,argument structure,,book,jackendoff1972,"Jackendoff, Ray S.",,Semantic interpretation in Generative Grammar,1972,,MIT Press,"Cambridge, MA",414 pp.,,,,,,,,,,"Like other recent work in the field of generative-transformational grammar, this book developed from a realization that many problems in linguistics involve semantics too deeply to be solved insightfully within the syntactic theory of Noam Chomsky's Aspect of the Theory of Syntax. Dr Jackendoff has attempted to take a broader view of semantics, studying the important contribution it makes to the syntactic patterns of English.The research is carried out in the framework of an interpretive theory, that is, a theory of grammar in which syntactic structures are given interpretations by an autonomous syntactic component. The book investigates a wide variety of semantic rules, stating them in considerable detail and extensively treating their consequences for the syntactic component of the grammar. In particular, it is shown that the hypothesis that transformations do not change meaning must be abandoned; but equally stringent restrictions on transformations are formulated within the interpretive theory.Among the areas of grammar discussed are the well-known problems of case relations, pronominalization, negation, and quantifiers. In addition, the author presents semantic analyses of such neglected areas as adverbs and intonation contours; he also proposes radically new approaches to the so-called Crossover Principle, the control problem for complement subjects, parentheticals, and the interpretation of nonspecific noun phrases."
linguistics,causation,English ,article,cruse1972,"Cruse, D. A.",,A Note on English Causatives,1972,,,,520-528,,,Linguistic Inquiry,3,4,,,,,
"linguistics, semantics, syntax","causation, lability",English,article,kastovsky1973,"Kastovsky, Dieter",,Causatives,1973,,,,255-315,,,Foundations of Language,10,,,,,,"Kastovsky criticizes early formulations of case grammar analyses of the so-called middle-object verbs in English, particularly those assuming that transitive and intransitive uses of these verbs are contextual variants of single lexical items. What is distinctive about middle-object verbs (cook, open, bend, turn), as opposed to those that are basically transitive (read, beat, get), is that the former have a causative meaning when used transitively, a meaning not inherent in their intransitive use. Case grammars have dealt with this noninherent causative meaning by the addition of a semantic feature to the features characterizing these verbs when they occur in particular sentence frames. Regardless of one's theoretical persuasions, Kastovsky argues, the addition of semantic features ""does not conform to the postulated semantic sameness of the verb involved."" In an attempt to give a coherent account of causativization without resorting to such devices, Kastovsky distinguishes causatives involving a causative auxiliary (make legal, make jump, made fall) from (1) explicit causatives where the verb is derived from a noncausative one (legalize, outlaw, humidify), and (2) implicit causatives involving verbs which are semantically causative but are not morphologically related to noncausative verbs (convince, persuade, prevent). He presents arguments in favor of deriving the latter two categories by prelexical transformation, and he holds that English middle-object verbs should be derived in the same way as the explicit causatives listed under (1) above."
"linguistics, semantics, syntax","causation, argument structure","Korean, English",article,lee1973,"Lee, Chungmin",,Presuppositions of Existence of Theme for Verbs of Change (in Korean and English),1973,,,,384-388,,,Foundations of Language,9,,,,,,"The presuppositional structure of Korean inchoative-causative verbs must include both an existential statement about the verbs' semantic THEME, as well as an indication of the negative state of thecBECOME predicate, that is, that state of affairs which obtained before the change of state. On the other hand, the non- inchoative Korean causative construction does not presuppose the prior existence of THEME, but may instead assert the fact of THEME's coming into existence. Lee maintains that ""there is strong evidence for the presence of the inchoative element for every occurrence of CAUSE."" This inchoative distinguishes between the presup- position and the assertion of the existence of the THEME undergoing the change of state specifie"
philosophy,causation,,article,lewis1973,"Lewis, David",,Causation,1973,,,,556-567,,,The Journal of Philosophy,70,17,,,https://www.jstor.org/stable/2025310?origin=JSTOR-pdf,,
"linguistics, syntax",causation,Telugu,article,murti1973,"Murti, K. V. S.",,Causative Forms in Telugu,1973,,,,23-37,,,Linguistics,107,,,,,,"This study is primarily focused on the syntax of periphrastic causative constructions, constructions formed through a process of complementation. There is no mention of causative formation by affixation or lexical derivation. Murti discusses the behavior of transitive, intransitive, and ""weakly transitive"" verbs in Telugu, proposing six syntactic operations resulting in the production of causative forms."
"linguistics, semantics, syntax",causation,Japanese,article,shibatani1973a,"Shibatani, Masayoshi",,Semantics of Japanese Causativization,1973,,,,327-373,,,Foundations of Language,9,,,,,,"In modern transformational-generative theory, there is an ongoing debate between lexicalists and generative semanticists over the proper analysis of causative constructions. The latter group argues for decomposition of various overtly monomorphemic verbs (e.g., kill) into their underlying semantic structure (e.g., kill comes from cause to die or cause to cease to be alive, etc.). The former group pleads for the integrity of lexical items. Shibatani carries the controversy away from English, showing that in Japanese, a language with both lexical and affixal causatives in the simplex, neither position can be maintained to the exclusion of the other. Considering the semantic properties of Japanese causatives, Shibatani concludes that affixal causatives must be derived transformationally, but that lexical causatives cannot be derived in this fashion at all."
"linguistics, semantics, syntax",causation,Korean,article,shibatani1973b,"Shibatani, Masayoshi",,Lexical versus Periphrastic Causatives in Korean,1973,,,,281-297,,,Journal of Lingusitics,9,,,,,,"Proposals that lexical and periphrastic causatives be derived from the same underlying structures have been put forth by Lakoff (1965) and McCawley (1968) for English, by Soga (1970) for Japanese, and by Yang (1972) for Korean. Shibatani argues that all these analyses exhibit a marked insensitivity to semantic differences between the two constructions and insensitivity to their syntactic behavior. He shows that the class of lexical causatives (which contains verbs either basically causative or formed from intransitive verbs by affixation) contrasts in meaning with the class of periphrastic causatives (those which embed a complement sentence under a higher verb to do) in a number of environments. The Korean evidence indicates, among other things, that Lakoff and Ross's anaphoric island hypothesis is invalid cross-linguistically. Furthermore, this evidence poses a serious challenge to the generative semanticist position in general, since it provides counterexamples to the notion that lexical and periphrastic causatives are synonymous."
linguistics,causation,English,article,baron1974,"Baron, Naomi S.",,The Structure of English Causatives,1974,,,,299-234,,,Lingua,33,,,,,,
"linguistics, linguistic typology","causation, argument structure",,article,comrie1974,"Comrie, Bernard",,Causatives and Universal Grammar,1974,,,,1-32,,,Transactions of the Philological Society,73,1,,,https://onlinelibrary.wiley.com/doi/abs/10.1111/j.1467-968X.1974.tb01155.x,,
"linguistics, syntax",causation,English,article,fodor1974,"Fodor, Janet Dean",,Like Subject Verbs and Causal Clauses in English,1974,,,,95-110,,,Journal of Linguistics,10,,,,,,
bibliography,causation,,article,kendall1975,"Kendall, Martha B.",,Articles on the Semantics and Syntax of Causativization,1975,,,,162-164,,,International Journal of American Linguistics,41,2,,,,,"Articles on the Semantics and Syntax of Causativization, abstracted by Martha B. Kendall, Vassar College"
"linguistics, semantics, syntax",causation,,book,shibatani1976,,"Shibatani, Masayoshi","The Grammar of Causative Constructions (Syntax and Semantics, Vol. 6)",1976,,Academic Press,New York,517 pp.,,,,,,,,,,
linguistics,"causation, non-canonical",,incollection,mccawley1976,"McCawley, Noriko A.","Shibatani, Masayoshi",On experiencer causatives,1976,,Academic Press,New York,181-203,"The Grammar of Causative Constructions (Syntax and Semantics, Vol. 6)",,,,,,,,,
linguistics,causation,,incollection,talmy1976,"Talmy, Leonard","Shibatani, Masayoshi",Semantic Causative Types,1976,,Academic Press,New York,43-116,"The Grammar of Causative Constructions (Syntax and Semantics, Vol. 6)",,,,,,,,,
linguistics,transitivity,,article,hopperthompson1980,"Hopper, Paul J. and Thompson, Sandra A.",,Transitivity in Grammar and Discourse,1980,,,,251-299,,,Language,56,2,,,https://www.jstor.org/stable/413757,,"Transitivity involves a number of components, only one of which is the presence of an object of the verb. These components are all concerned with the effectiveness with which an action takes place, e.g., the punctuality and telicity of the verb, the conscious activity of the agent, and the referentiality and degree of affectedness of the object. These components co-vary with one another in language after language, which suggests that Transitivity is a central property of language use. The grammatical and semantic prominence of Transitivity is shown to derive from its characteristic discourse function: high Transitivity is correlated with foregrounding, and low Transitivity with backgrounding."
"linguistics, semantics","causation, argument structure",,article,wali1981,"Wali, Kashi",,"Cause, Causer and Causee: A Semantic Perspective",1981,,,,289-308,,,Journal of Linguistics,17,2,,,https://www.jstor.org/stable/4175593?searchText=&searchUri=&ab_segments=&searchKey=&refreqid=fastly-default%3Ad298f7737156174da135664a02b1227d,,
linguistics,argument structure,,article,williams1981,"Williams, Edwin",,Argument structure and morphology,1981,,,,81-114,,,The Linguistic Review,1,1,,,,,
linguistics,transitivity,,book,hopperthompsoneds1982,,"Hopper, Paul J. and Thompson, Sandra A.",Studies in transitivity,1982,,Academic Press,London,,,,,,,,,,,
"linguistics, generative syntax","causation, argument structure",,article,cole1983,"Cole, Peter",,The Grammatical Role of the Causee in Universal Grammar,1983,,,,115-133,,,International Journal of American Linguistics,49,2,,,https://www.jstor.org/stable/1265419?seq=1,,
linguistics,passive,,book,siewierska1984,"Siewierska, Anna",,The passive: A comparative linguistic analysis,1984,,Croom Helm,London,306 pp.,,,,,,,,,,
linguistics,"causation, agentivity",,book,eilfortetal1985,,"Eilfort, William H. and Kroeber, Paul D. and Peterson, Karen L.",Papers from the Parasession on Causatives and Agentivity at the Twenty-first Regional Meeting of the Chicago Linguistic Society,1985,,Chicago Linguistic Society,Chicago,,,,,,,,,http://chicagolinguisticsociety.org/public/cls21-2-toc.pdf,,
linguistics,transitivity,,incollection,guersseletal1985,"Guerssel, M. and Hale, K. and Laughren, M. and Levin, B. and White Eagle, J.","Eilfort, W. H. and Kroeber, P. D. and Peterson, K. L.",A cross-linguistic study of transitivity alternations,1985,, Linguistic Society,Chicago,48-64,Papers from the parasession on causatives and agentivity at the Twenty-first Regional Meeting of CLS,,,,,,,,,
linguistics,causation,,incollection,comrie1985,"Comrie, Bernard","Shopen, Timothy",Causative verb formation and other verb-deriving morphology,1985,,Cambridge University Press,Cambridge,309-348,"Language typology and syntactic description. Vol. III, Grammatical categories and the lexicon",,,,,,,,,
linguistics,causation,,incollection,dorit1986,"Abusch, Dorit",,"Verbs of Change, Causation, and Time",1986,,Stanford University,,,Center for the Study of Language and Information,,,,,,,,,
"linguistics, diachrony",middle,,incollection,croftetal1987,"Croft, William A. and Hava Bat-Zeev, Shyldkrot and Kemmer, Suzanne","Giacalone Ramat, Anna and Carruba, Onofrio and Bernini, Giuliano",Diachronic semantic processes in the middel voice,1987,,John Benjamins Publishing Company,,179-192,Papers from the 7th International Conference on Historical Linguistics,,,,,,,,https://doi.org/10.1075/cilt.48.14cro,
"linguistics, linguistic typology",reflexive,,book,geniusiene1987,"Geniušienė, Emma",,The Typology of Reflexives,1987,,Mouton de Gruyter,Berlin/New York/Amsterdam ,435 pp.,,,,,,,,,,
"linguistics, linguistic typology",anticausative,,misc,haspelmath1987,"Haspelmath, Martin",,Transitivity alternations of the anticausative type,1987,,,,,,,,,,Universität zu Köln,Arbeitspapier / Institut für Sprachwissenschaft N.F. Nr. 4,,,"This paper is concerned with anticausative verbs (or verb-forms), or shortly, anticausatives. [...] [C]ausative/non-causative pairs with a marked non-causative are quite frequent in the languages of the world. However, so far they have not received sufficient attention in general and typological linguistics, a fact which is also manifested in the absence of a generally recognized term for this phenomenon […]. This paper therefore deals with the most important properties of anticausatives (particularly semantic conditions on them), their relationship to other areas of grammar as well as their historical development in different languages. The grammatical domain of transitivity, valence and voice, where the anticausative belongs, takes up a central position in grammar and consequently the present discussion should be of considerable interest to general comparative (or typological) linguists."
"linguistics, syntax",unaccusative,,article,belletti1988,"Belletti, Adriana",,The Case of Unaccusatives,1988,,,,1-34,,,Linguistic Inquiry,19,1,,,https://www.jstor.org/stable/4178572?seq=22,,
"linguistics, historical linguistics",passive,,article,haspelmath1990,"Haspelmath, Martin",,The Grammaticization of Passive Morphology,1990,,,,25-72,,,Studies in Language,14,1,,,https://www.researchgate.net/publication/238345066_The_Grammaticization_of_Passive_Morphology,,
"linguistics, historical linguistics",causation,,article,song1990,"Song, Jae Jung",,On the rise of causative affixes: A universal-typological perspective,1990,,,,151-200,,,Lingua,82,,,,https://www.sciencedirect.com/science/article/pii/002438419090061O,,"This paper provides a universal typology of causative constructions, on the basis of which it further projects a diachronic model of causative affixes. The model is able to predict two more potential sources other than lexical verbs of cause from which causative affixes may originate, since the universal typology sanctions only the compact, AND, and PURP types of causative construction. It gains empirical support from cross-linguistic evidence, by helping to trace the hitherto unknown origins of causative affixes. It also outlines the diachronic path through which causative affixes come into being. Finally, the model offers an explanation of the co-occurrence of causative affixes and some purposive elements in certain languages."
"linguistics, generative syntax",causation,English,article,borer1991,"Borer, Hagit",,The Causative-Inchoative Alternation: A Case Study in Parallel Morphology,1991,,,,119-158,,,The Linguistic Review,8,,,,https://www.researchgate.net/publication/249931760_The_Causative-Inchoative_Alternation_A_Case_Study_in_Parallel_Morphology,,
linguistics,argument structure,,article,dowty1991,"Dowty, David",,"Thematic Proto-Roles and Argument Selection",1991,,,,547-619,,,Language,67,3,,,,,"As a novel attack on the perennially vexing questions of the theoretical status of thematic roles and the inventory of possible roles, this paper defends a strategy of basing accounts of roles on more unified domains of linguistic data than have been used in the past to motivate roles, addressing in particular the problem of ARGUMENT SELECTION (principles determining which roles are associated with which grammatical relations). It is concluded that the best theory for describing this domain is not a traditional system of discrete roles (Agent, Patient, Source, etc.) but a theory in which the only roles are two cluster-concepts called Proto-Agent and Proto-Patient, each characterized by a set of verbal entailments: an argument of a verb may bear either of the two proto-roles (or both) to varying degrees, according to the number of entailments of each kind the verb gives it. Both fine-grained and coarse-grained classes of verbal arguments (corresponding to traditional thematic roles and other classes as well) follow automatically, as do desired 'role hierarchies'. By examining occurrences of the 'same' verb with different argument configurations-e.g. two forms of psych predicates and object-oblique alternations as in the familiar spray/load class-it can also be argued that proto-roles act as defaults in the learning of lexical meanings. Are proto-role categories manifested else-where in language or as cognitive categories? If so, they might be a means of making grammar acquisition easier for the child, they might explain certain other typological and acquisitional observations, and they may lead to an account of contrasts between unaccusative and unergative intransitive verbs that does not rely on deriving unaccusatives from underlying direct objects."
linguistics,causation,,article,falk1991,"Falk, Yehuda N.",,Causativization,1991,,,,55-79,,,Journal of Linguistics ,27,1,,,,,
"linguistics, linguistic typology","causation, argument structure",,article,song1991,"Song, Jae Jung",,Causatives and Universal Grammar: An Alternative Interpretation,1991,,,,65-94,,,Transactions of the Philological Society,89,1,,,,,"The validity of the C(ase) H(ierarchy), the paradigm case, and the notion of demotion in Comrie's universal theory of causative constructions is questioned. It is argued that the CH theory precludes a more realistic and plausible understanding of the causative construction. Data from a wide range of languages are examined in their own right, not from the perspective of the paradigm case. An alternative view is offered that both causative and noncausative sentences are susceptible to the same NP density control. Under this view the so-called deviations from the paradigm case-extended demotion and doubling-are seen as different grammatical means of keeping the NP density control in effect. The alternative view receives further support from those languages in which transitive verbs must be detransitivised prior to undergoing morphological causativisation."
linguistics,voice,,book,klaiman1991,"Klaiman, Miriam H.",,Grammatical voice,1991,,Cambridge University Press,Cambridge,,,,,,,,,,,"Categories of the verb in natural languages include tense, aspect, modality (mood) and voice. Among these, voice, in its rich and diverse manifestations, is perhaps the most complex. But most prior research concentrates on only certain types, predominantly passives. Voice expresses relations between a predicate and a set of nominal positions-or their referents-in a clause or other structure. Grammatical Voice is the first typological study of voice systems based on a multi-language survey. It introduces a threefold classification of voice types, in the first place distinguishing passivization phenomena (derived voice) from active-middle systems (basic voice); and further, distinguishing each of these from pragmatically grounded voice behaviours, such as focus and inverse systems. As the first comprehensive study of voice systems and voice typology, this book makes a significant contribution to current research in linguistics and grammatical theory."
"linguistics, linguistic typology","causation, questionary",,article,nedjalkovkulikov1992,"Nedjalkov, V. P. and Kulikov, L. I.",,Questionnaire zur Kausativierung,1992,,,,137-149,,,"Zeitschrib für Phonetik, Sprachwissenschab und Kommunikationsforschung",45,2,,,,,
"linguistics, linguistic typology",causation,,book,comriepolinsky1993,,"Comrie, Bernard and Polinsky, Maria",Causatives and Transitivity,1993,,John Benjamins Publishing Company,Amsterdam/Philadelphia,399 pp.,,,,,,,,,,"This volume brings together 18 typological studies of causative and related constructions (transitivity, voice, other expressions of cause) by 19 scholars from North America, Western Europe, and Russia. The inspirations for the volume is the pioneering work on causative constructions by the Leningrad Typology Group; several of the contributors have close connections to the charter members of that group, others have appreciated this work from a distance. The volume as a whole is based on the concept of causative constructions as embracing both morphology and syntax, with an important semantic component as well. In addition to general studies concerning the morpho syntactic and semantic typology and the history of causative constructions and relations to other phenomena, the following individual languages are treated in detail: Russian, English, Dutch, Svan, Even, Korean, Yukaghir, Alutor, Aleut, Haruai, Dogon, Athabaskan languages. The volume will be of interest to typologists, to other linguists interested in causative constructions and transitivity relations, and to all who are interested in the linguistic expression of causal relations."
linguistics,"causation, non-canonical",Aleut,incollection,golovko1993,"Golovko, E. V.","Comrie, Bernard and Polinsky, Maria",On non-causative effects of causativity in Aleut,1993,,John Benjamins Publishing Company,Amsterdam/Philadelphia,385-390,Causatives and Transitivity,,,,,,,,,
"linguistics, linguistic typology",causation,,incollection,haspelmath1993,"Haspelmath, Martin","Comrie, Bernard and Polinsky, Maria",More on the typology of inchoative/causative verb alternations,1993,,John Benjamins Publishing Company,Amsterdam/Philadelphia,87-120,Causatives and Transitivity,,,,,,,https://www.researchgate.net/publication/243764686_More_on_the_typology_of_inchoativecausative_verb_alternations,,
"linguistics, linguistic typology",causation,,incollection,kulikov1993,"Kulikov, Leonid I.","Comrie, Bernard and Polinsky, Maria","The ""second causative"": A typological sketch",1993,,John Benjamins Publishing Company,Amsterdam/Philadelphia,121-154,Causatives and Transitivity,,,,,,,https://www.researchgate.net/publication/44190090_The_second_causative_A_typological_sketch,,"This paper concentrates on languages which have more than one ways to form morphological causatives. It offers a comprehensive typological description of the relationships between such alternative causative derivatives, one of which is morphologically and/or semantically more complex than other (including double causatives)"
"linguistics, linguistic typology",middle,,book,kemmer1993,"Kemmer, Suzanne",,The Middle Voice,1993,,John Benjamins Publishing Company,Amsterdam/Philadelphia,300 pp.,,,,,,,,,,"This book approaches the middle voice from the perspective of typology and language universals research. The principal aim is to provide a typologically valid characterization of the category of middle voice in terms of which it can be incorporated in a cognitively-based theory of human language. The term “middle voice” has had a wide range of applications in the linguistic literature of this century. The main thesis in this volume is that there is a coherent, though complex, semantic category of middle voice in human language, which receives grammatical instantiation in many languages. The author claims there is a semantic property crucial to the nature of the middle, which she terms “relative elaboration of events”, that serves as a parameter along which the reflexive and the middle can be situated as semantic categories intermediate in transitivity between one-participant and two-participant events, and which differentiates reflexive and middle from one another. In this area, most analyses deal with one language and/or are limited to Indo-European languages. This work deals with a subset of middle-marking languages that was chosen so as to observe the highest possible number of different middle systems showing significant independent diachronic development."
"linguistics, semantics, syntax","alternations, event structure",English,book,levin1993,"Levin, Beth",,English verb classes and alternations: a preliminary investigation,1993,,The University of Chicago Press,Chicago/London,366 pp.,,,,,,,,,,"In this rich reference work, Beth Levin classifies over 3,000 English verbs according to shared meaning and behavior. Levin starts with the hypothesis that a verb’s meaning influences its syntactic behavior and develops it into a powerful tool for studying the English verb lexicon. She shows how identifying verbs with similar syntactic behavior provides an effective means of distinguishing semantically coherent verb classes, and isolates these classes by examining verb behavior with respect to a wide range of syntactic alternations that reflect verb meaning. The first part of the book sets out alternate ways in which verbs can express their arguments. The second presents classes of verbs that share a kernel of meaning and explores in detail the behavior of each class, drawing on the alternations in the first part. Levin’s discussion of each class and alternation includes lists of relevant verbs, illustrative examples, comments on noteworthy properties, and bibliographic references. The result is an original, systematic picture of the organization of the verb inventory. Easy to use, English Verb Classes and Alternations sets the stage for further explorations of the interface between lexical semantics and syntax. It will prove indispensable for theoretical and computational linguists, psycholinguists, cognitive scientists, lexicographers, and teachers of English as a second language."
"linguistics, diachrony",reflexive,,book,cennamo1993,"Cennamo, Michela",,The reanalysis of reflexives: a diachronic perspective,1993,,Liguori,Napoli,,,,,,,,,,,
"linguistics, linguistic typology, pragmatics",voice,,book,givon1994,"Givón, Talmy","Givón, Talmy",Voice and inversion,1994,,John Benjamins Publishing Company,Amsterdam/Philadelphia,402 pp.,,,,,,,,,,"This collection aims first to establish a structure-independent, language-independent definition of pragmatic voice, and more specifically then a universal functional definition of “inverse”. The grammar and pragmatic function of the four major voice constructions — direct-active, inverse, passive, antipassive — are surveyed using narrative texts from 14 languages: Koyukon (Athabascan), Plains Cree (Algonquian), Chepang (Tibeto-Burman), Squamish and Bella Coola (Salish), Sahaptin (Sahaptian), Kutenai (isolate), Surinam Carib (Carib), Spanish and Greek (Indo-European), Korean, Maasai (Nilotic), Cebuano and Karao (Philippine). The comparative quantified study of pragmatic voice functions tests the validity of a universal functional definition of voice and in particular of “inverse”. The cross-language comparison of grammatical structures that code the various voice functions then lays down the foundation for a non-trivial cross-language typology of “inverse”."
linguistics,causation,,article,kemmerverhagen1994,"Kemmer, Suzanne and Verhagen, Arie",,The grammar of causatives and the conceptual structure of events,1994,,,,115-156,,,Cognitive Linguistics,5,2,,,https://www.researchgate.net/publication/28639699_The_grammar_of_causatives_and_the_conceptual_structure_of_events,,"Analytic causative constructions can best be described as extensions of simpler kinds of expressions, rather than as reductions from more complex underlying structures. In particular, causatives of intransitive predicates (e.g. I made Mary cry) are viewed as modelled on simple two-participant clauses (like I ate the cake), and causatives of transitive predicates (e.g. He had the servant taste the food) are seen as modelled on simple three-participant clauses (like I gave Mary a flower, or She broke it with a hammer—i.e. mainly ditransitive and instrumental clause types). One especially important advantage of this approach is that it offers an explanatory semantic account of the variation of case markings found in causative constructions (such as the rather general alternation of dative, or other non-oblique, with instrumental), it predicts that such variation is related systematically to the semantics of case markings in simple clauses, which is in fact the case. It is argued that accounts of case marking of causees formulated strictly in terms of a formal hierarchy of cases cannot be adequate, given the semantic factors affecting the choice of case. The marking of the causee is a consequence of conceived differences in its role in the causal event, which relate to such aspects of event structure as (in)directness of causation and (relatedly) degree of agency and affectedness of participants. Such factors are elements of certain general conceptual models of causation. This approach not only has wider empirical coverage than syntactic, hierarchy-based accounts, but is simple, unified, has greater explanatory power both for cross-linguistic variation and for intricate intralinguistic distributional facts; finally, it accords with a cognitively-based view of language, in which the knowledge underlying grammar is not qualitatively different from other aspects of human understanding and reasoning."
"linguistics, construction grammar",argument structure,,book,goldberg1995,"Goldberg, Adele E.",,Constructions: A construction grammar approach to argument structure,1995,,The University of Chicago Press,Chicago,271 pp.,,,,,,,,,,"Drawing on work in linguistics, language acquisition, and computer science, Adele E. Goldberg proposes that grammatical constructions play a central role in the relation between the form and meaning of simple sentences. She demonstrates that the syntactic patterns associated with simple sentences are imbued with meaning—that the constructions themselves carry meaning independently of the words in a sentence. Goldberg provides a comprehensive account of the relation between verbs and constructions, offering ways to relate verb and constructional meaning, and to capture relations among constructions and generalizations over constructions. Prototypes, frame semantics, and metaphor are shown to play crucial roles. In addition, Goldberg presents specific analyses of several constructions, including the ditransitive and the resultative constructions, revealing systematic semantic generalizations. Through a comparison with other current approaches to argument structure phenomena, this book narrows the gap between generative and cognitive theories of language."
"linguistics, semantics, syntax",unaccusative,,book,levinrappaporthovav1995,"Levin, Beth and Rappaport Hovav, Malka",,Unaccusativity: at the syntax-lexical semantics interface,1995,,The MIT Press,Cambridge (Massachusetts)/London,350 pp.,,,,,,,,,,"Besides providing extensive support for David Perlmutter's hypothesis that unaccusativity is syntactically represented but semantically determined, this monograph contributes significantly to the development of a theory of lexical semantic representation and to the elucidation of the mapping from lexical semantics to syntax. Unaccusativity is an extended investigation into a set of linguistic phenomena that have received much attention over the last fifteen years. Besides providing extensive support for David Perlmutter's hypothesis that unaccusativity is syntactically represented but semantically determined, this monograph contributes significantly to the development of a theory of lexical semantic representation and to the elucidation of the mapping from lexical semantics to syntax. Perlmutter's Unaccusative Hypothesis proposes that there are two classes of intransitive verbs - unergatives and unaccusatives - each associated with a distinct syntactic configuration. Unaccusativity begins by isolating the semantic factors that determine whether a verb will be unaccusative or unergative through a careful examination of the behavior of intransitive verbs from a range of semantic classes in diverse syntactic constructions. Notable are the extensive discussions of verbs of motion, verbs of emission, and various types of verbs of change of state. The authors then introduce rules that determine the syntactic expression of the arguments of the verbs investigated and examine the interactions among them. The proper treatment of verbs that systematically show multiple meanings - and hence variable classification as unaccusative or unergative - is also considered. In the final chapter, the authors argue that the distribution of locative inversion, a purported unaccusative diagnostic, is determined instead by discourse considerations"
linguistics,middle,English,article,kitazume1996,"Kitazume, Sachiko",,Middles in English,1996,,,,161-183,,,Word,47,2,,,https://www.tandfonline.com/doi/pdf/10.1080/00437956.1996.11435951,DOI: 10.1080/00437956.1996.11435951,"This paper explores a new way of explaining the generation of middles and ergatives in a synchronic description of English that is inspired by historical evidence. In current syntactic studies, there are two basic approaches to the generation of middles and ergatives, one which maintains that intransitives are derived unidirectionally from corresponding transitives and another which proposes that transitives are uniformly derived from corresponding intransitives. I, in contrast, propose a bidirectional view of this derivational process, whereby some transitives are basic and give rise to intransitives, while in other cases it is the intransitive which is basic and which yields derived transitives. I propose that it is always the more cognitively salient form which is basic. As a metric for judging the relative cognitive salience of corresponding transitive and intransitive forms, I look to historical evidence; I hypothesize that the more salient form will always be first to appear in the language.*"
"linguistics, linguistic typology",causation,,book,song1996,"Song, Jae Jung",,Causatives and Causation: A Universal-Typological perspective,1996,,Longman,London/New York,312 pp.,,,,,,,,,,"Causatives and Causation is the first comprehensive study of causative constructions found in the world's languages. This important new research, based on a data base of more than 600 languages, not only investigates fully the richness and variety of causative types, but also presents an alternative perspective to the traditional typological approach. The new typology enables a better understanding of how the human mind cognizes causation and how this is reflected in language. Causatives and Causation is also an important attempt to integrate language typology with diachrony by constructing a diachronic model of causative affixes on the basis of this new typology. Drawing on the theoretical insight of Role and Reference Grammar, this book provides a case study of the causative constructions in Korean, providing additional support for both the proposed new typology and the diachronic model. It also examines the pragmatic foundations of causatives, an important but previously unexplored area of study."
"linguistics, semantics, syntax","argument structure, event structure",,book,buttgeuder1998,,"Butt, Miriam and Geuder, Wilhelm",The projection of arguments: Lexical and compositional factors,1998,,CSLI Publications,"Stanford, CA",364 pp.,,,,,,,,,,
"linguistics, semantics, syntax",event structure,English,incollection,rappaporthovavlevin1998,"Rappaport Hovav, Malka and Levin, Beth","Butt, M. and Geuder, W.",Building verb meanings,1998,,CSLI Publications,"Stanford, CA",97-134,The projection of arguments: Lexical and compositional factors,,,,,,,,,
linguistics,"causation, (in)direct causatives",,article,bittner1999,"Bittner, Maria",,Concealed Causatives,1999,,,,1-78,,,Natural Language Semantics,7,1,,,,,"Crosslinguistically, causative constructions conform to the following generalization: If the causal relation is syntactically concealed, then it is semantically direct. Concealed causatives span a wide syntactic spectrum, ranging from resultative complements in English to causative subjects in Miskitu. A unified type-driven theory is proposed which attributes the understood causal relation – and other elements of constructional meaning – to type lifting operations predictably licensed by type mismatch at LF. The proposal has far- reaching theoretical implications not only for the theory of compositionality and causation, but also for the underlying theory of events, space, and time in natural language discourse."
linguistics,labile verbs,Sanskrit,incollection,kulikov1999,"Kulikov, Leonid","Рахилина, Е. В. and Тестелец, Я. Г.",May he prosper in offspring and wealth: a few jubilee remarks on the typology of labile verbs and Sanskrit púṣyati ‘prospers; makes prosper’,1999,,Языки русской культуры,Москва,224-244,Типология и теория языка: от описания к объяснению. К 60-летию Александра Евгеньевича Кибрика,Typology and linguistic theory: from description to explanation. For the 60th birthday of Aleksandr Kibrik,,,,,,,,
linguistics,causation,,article,ackerman1999,"Ackerman, F. and Moore, J.",,Syntagmatic and Paradigmatic Dimensions of Causee Encodings,1999,,,,1-44,,,Linguistics and Philosophy,22,,,,,https://doi.org/10.1023/A:1005462027684 ,
"linguistics, linguistic typology",causation,,incollection,dixon2000,"Dixon, Robert M. W.","Dixon, Robert M. W. and Aikhenvald, Alexandra Y. ","A typology of causatives: form, syntax and meaning",2000,,Cambridge University Press,Cambridge,30-83,Changing valency: Case studies in transitivity,,,,,,,,,
"linguistics, linguistic typology",valency,,book,dixonaikhenvald2000,,"Dixon, Robert M. W. and Aikhenvald, Alexandra Y. ",Changing valency: Case studies in transitivity,2000,,Cambridge University Press,Cambridge,432 pp.,,,,,,,,,,"This book provides a general perspective on valency-changing mechanisms - passives, antipassives, causatives, applicatives - in the languages of the world. It contains a comprehensive typology of causatives by R. M. W. Dixon, and detailed descriptions of valency-changing mechanisms in ten individual languages by leading scholars, based on original fieldwork. The sample languages span five continents and every kind of structural profile. Each contributor draws out the theoretical status and implications of valency-changing derivations in their language of study, and the relevant parameters are drawn together, and typological possibilities delineated, in the editors' introduction. The volume, originally published in 2000, will interest typologists, those working in the fields of morphosyntactic variation and lexical semantics, and exponents of formal theories engaging with the range of linguistic diversity found in natural language."
linguistics,lability,French,phdthesis,larjavaara2000,"Larjavaara, M.",,Présence ou absence de l'objet. Limites du possible en français contemporain,2000,,,Helsinki,,,,,,,Helsingin yliopiston verkkojulkaisut,,https://helda.helsinki.fi/server/api/core/bitstreams/215f013c-eed4-48d2-b7ac-05e75c361fd2/content,,
linguistics,argument structure,,book,aikhenvaldetal2001,,"Aikhenvald, Alexandra and Dixon, R. M. W. and Onishi, Masayuki",Non-canonical marking of subjects and objects,2001,,John Benjamins Publishing Company,Amsterdam/Philadelphia,,,,,,,,,,,
"linguistics, linguistic typology",causation,,incollection,kulikov2001,"Kulikov, Leonid",,Causatives,2001,,Walter de Gruyter,Berlin,886-898,Language typology and language universals. An international handbook (Handbücher zur Sprach- und Kommunikationswissenschaft / Handbooks of Linguistics and Communication Science (HSK); 20/2). Vol. 2.,,,,,,,,,
linguistics,causative-inchoative,,incollection,pinon2001,"Piñón, Christopher","Hastings, Rachel Elizabeth  and Jackson, Brendan and Zvolenszky, Zsofia",A finer look at the causative-inchoative alternation,2001,,Cornell Linguistics Circle,"Ithaca, NY",,Proceedings of Semantics and Linguistic Theory 11,,,,,,,,,
linguistics,"voice, valency",,incollection,galyamina2001,"Галямина, Юлия Е.","Плунгян, Владимир А.",Акцессивно-рецессивная полисемия показателей залога и актантной деривации,2001,,Русские словари,Москва,,Исследования по теории грамматики: Вып. 1: Глагольные категории,,,1,,,,,,
linguistics,"causation, decausative",,article,paducheva2001,"Падучева, Е. В.",,Каузативный глагол и декаузатив в русском языке,2001,,,,52-79,,,Русский язык в научном освещении,1,,,,,,
"linguistics, generative syntax",argument structure,,book,halekeyser2002,"Hale, Ken and Keyser, Samuel Jay",,Prolegomenon to a theory of argument structure,2002,,The MIT Press,Cambridge (Massachusetts)/London,296 pp.,,,,,,,,,,"This work is the culmination of an eighteen-year collaboration between Ken Hale and Samuel Jay Keyser on the study of the syntax of lexical items. It examines the hypothesis that the behavior of lexical items may be explained in terms of a very small number of very simple principles. In particular, a lexical item is assumed to project a syntactic configuration defined over just two relations, complement and specifier, where these configurations are constrained to preclude iteration and to permit only binary branching. The work examines this hypothesis by methodically looking at a variety of constructions in English and other languages."
philosophy,causation,,incollection,kistler2002,"Kistler, Max","Esposito, Costantino and Porro, Pasquale",Causation in contemporary analytical philosophy,2002,,Brepols,,635-668,La Causalità-La Causalité-Die Kausalität-Causality,,,,,,,,,"Contemporary analytic philosophy is in the midst of a vigorous debate on the nature of causation. Each of the main proposals discussed in this chapter faces important problems: the deductive-nomological model, the counterfactual theory, the manipulability theory, the probabilistic theory and the transference theory. After having explored possible solutions to these problems, I conclude that one version of the transference approach is most promising. However, as I show in the last section, it is necessary to supplement this transference approach with the notion of lawful dependency. This gives rise to the notion of causal responsibility."
"linguistics, linguistic typology",transitivity,,book,kittila2002,"Kittilä, Seppo",,Transitivity: towards a comprehensive typology,2002,,University of Turku,Turku,311 pp.,,,,,,,,,,
"linguistics, semantics, syntax",argument structure,,article,reinhart2002,"Reinhart, Tanya",,The Theta System – an overview,2002,,,,229-290,,,Theoretical Linguistics,28,3,,,,,"This paper presents an overview of a larger project in progress on the concepts interface. In part, it is based on the findings in Reinhart (2000), where several of the problems are discussed in greater details. However, many aspects of the system have been further developed, or changed, since that manuscript."
"linguistics, linguistic typology",causation,,book,shibatani2002,,"Shibatani, Masayoshi",The Grammar of Causation and Interpersonal Manipulation,2002,,John Benjamins Publishing Company,Amsterdam/Philadelphia,551 pp.,,,,,,,,,,"This volume presents fifteen original papers dealing with various aspects of causative constructions ranging from morphology to semantics with emphasis on language data from Central and South America. Informed by a better understanding of how different constructions are positioned both synchronically (e.g., on a semantic map) and diachronically (e.g., through grammaticalization processes), the volume affords a comprehensive up-to-date perspective on the perennial issues in the grammar of causation such as the distribution of competing causative morphemes, the meaning distinctions among them, and the overall form-meaning correlation. Morphosyntactic interactions of causatives with other phenomena such as incorporation and applicativization receive focused attention as such basic issues as the semantic distinction between direct and indirect causation and the typology of causative constructions."
linguistics,reflexive,,book,lyutikova2002,"Лютикова, Екатерина А.",,Когнитивная типология: рефлексивы и интенсификаторы,2002,,ИМЛИ РАН,Москва,253 с. ,,,,,,,,,,
"linguistics, diachrony",lability,Vedic,article,kulikov2003,"Kulikov, Leonid",,The labile syntactic type in a diachronic perspective: the case of Vedic,2003,,,,93-112,,,SKY Journal of Linguistics,16,,,,https://scholarlypublications.universiteitleiden.nl/handle/1887/14858,,"Ancient Indo-European verbal syntax, as attested in early Vedic Sanskrit, exhibits numerous examples of the labile syntactic pattern: several verbal forms can show valence alternation with no formal change in the verb; cf. pres. svadate 'he makes sweet' / 'he is sweet'; perf. vavrdhuH ~ 'they have grown' (intr.) / 'they have increased' (tr.). It is argued that the labile patterning of the Vedic verb, however common it may appear, is mostly of a secondary character. There are a limited number of reasons which give rise to labile syntax: (i) the polyfunctionality of the middle inflection (which can be used to mark the anticausative, passive and reflexive functions, on the one hand, and the self-beneficent meaning of the transitive forms, on the other); (ii) the homonymy of some middle participles ""shared"" by passive (medio-passive aorist, stative) and nonpassive formations; (iii) the syntactic reanalysis of intransitive constructions with the accusative of parameter/scope (content accusative) as transitive-causative. As to the perfect, it could probably be employed both intransitively and transitively already in Proto-Indo-European, although the intransitive usages were prevalent. In the historical period the newly-built perfect middle forms have largely taken over the intransitive function, but active perfects are still quite common in the (more archaic) intransitive usages in early Vedic."
"linguistics, psycholinguistics","causation, (in)direct causatives",,article,wolff2003,"Wolff, Phillip",,Direct causation in the linguistic coding and individuation of causal events,2003,,,,1-48,,,Cognition,88,1,,,,,"This research proposes a new theory of direct causation and examines how this concept plays a key role in the linguistic coding and individuation of causal events. According to the no-intervening-cause hypothesis, a causal chain can be described by a single-clause sentence and construed as a single event if there are no intervening causers between the initial causer and the final causee. Consistent with this hypothesis, participants used single-clause sentences (lexical causatives) more often than two-clause sentences (e.g. periphrastic causatives) for causal chains in which (1) the causer and causee touched (Experiments 1 and 2), and (2) an intervening entity could be construed as an enabling condition rather than another cause (Experiments 2-4). In addition, event judgments paralleled linguistic descriptions: chains that could be described with single-clause expressions were more often construed as single events than chains that could not (Experiments 1-3). Implications for languages other than English, for the linguistic coding of accidental outcomes and for the relationship between cognition and language in general are discussed."
"linguistics, semantics, syntax",causative/inchoative,,incollection,alexiadouanagnostopoulou2004,"Alexiadou, Artemis and Anagnostopoulou, Elena","Alexiadou, Artemis and Anagnostopoulou, Elena and Everaert, Martin ",Voice morphology in the Causative-Inchoative alternation: Evidence for a non-unified structural analysis of unaccusatives,2004,,Oxford University Press,Oxford,114-136,The Unaccusativity Puzzle: Explorations of the Syntax-Lexicon Interface,,,,,,,,,
"linguistics, semantics, syntax",unaccusative,,book,alexiadouetal2004,,"Alexiadou, Artemis and Anagnostopoulou, Elena and Everaert, Martin ",The Unaccusativity Puzzle: Explorations of the Syntax-Lexicon Interface,2004,,Oxford University Press,Oxford,372 pp.,,,,,,,,,,"The phenomenon of unaccusativity is a central focus for the study of the complex properties of verb classes. The Unaccusative Hypothesis, first formulated in 1978, claimed that there are two classes of intransitive verbs: the unaccusative (Jill arrived) and the unergative or agentive (Jill sings). The hypothesis has provided a rich context for debating whether syntactic behaviour is semantically or lexically determined, the consequence of syntactic context, or a combination of these factors. No consensus has been reached. This book combines new approaches to the subject and contains several chapters reproducing papers that have achieved a significant status even though formally unpublished. Among the issues the chapters address are: the determination of the unaccusative class of verbs, the problem of unaccusativity diagnostics, the implications of special morphology for the structural representation of unaccusatives and the status of the external thematic role, the properties guiding the unergative versus unaccusative distinction in acquisition, and the properties of second-language lexicon."
linguistics,lability,Greek,article,lavidas2004,"Lavidas, Nikolaos",,Causative alternations: synchronic and diachronic tendencies,2004,,,,369-381,,,Studies in Greek Language,24,,,,https://www.researchgate.net/publication/338902837_Causative_alternations_synchronic_and_diachronic_tendencies,,
"linguistics, linguistic typology",valence orientation,,article,nicholsetal2004,"Nichols, Johanna and Peterson, David A. and Barnes, Jonathan",,Transitivizing and detransitivizing languages,2004,,,,149–212,,,Linguistic Typology,8,,,,,,"Semantically basic and almost universally intertranslatable verbs such as 'sit', 'fear', 'laugh', 'break', and 'fall' are not always formally underived, and languages differ systematically in the formal treatment they give to these verbs vis-à-vis their transitive counterparts (respectively 'seat', 'scare', 'amuse', 'break', 'drop'). A set of 18 basic verb glosses and their semantic causative counterparts is used here as a convenient probe to test whether a language tends to treat intransitives as basic and transitives as derived, vice versa, both, or neither. Accordingly, in their overall lexical cast languages fall into four major types: transitivizing, detransitivizing, neutral, and indeterminate. The general typological parameter is (lexical or basic) VALENCE ORIENTATION. In a genealogically based sample of 80 languages, basic valence orientation is shown to interact with alignment but is independent of most other standard typological metrics, and serves as a useful building block for characterizing the lexical and morphosyntactic signatures of languages, language areas, and language families."
"linguistics, semantics, syntax",argument structure,,book,levinrappaporthovav2005,"Levin, Beth and Rappaport Hovav, Malka",,Argument Realization,2005,,Cambridge University Press,Cambridge,278 pp.,,,,,,,,https://www.cambridge.org/core/books/argument-realization/8B1F52537D0D9EF4EB63B6AE30DDB6DE#fndtn-information,,"The relationship between verbs and their arguments is a widely debated topic in linguistics. This comprehensive 2005 survey provides an overview of this important area of research, exploring theories of how a verb's semantics can determine the morphosyntactic realization of its arguments. Assuming a close connection between verb meaning and syntactic structure, it provides a bridge between lexical-semantic and syntactic research, synthesizing the results of work from a range of linguistic subdisciplines and in a variety of theoretical frameworks. The first four chapters survey leading theories about event structure and conceptualization. The fifth and sixth chapters focus on the mapping from lexical semantics to morphosyntax and include a detailed discussion of the thematic hierarchy. The final chapter reviews treatments of multiple argument realization. With useful bibliographic references and clear definitions of relevant terms, this book will be invaluable to students and researchers in syntax and semantics, as well as those in related fields."
linguistics,"anticausative, causation, lability","English, German and Greek",incollection,alexiadouetal2006,"Alexiadou, Artemis and Anagnostopoulou, Elena and Schäfer, Florian","Frascarelli, Mara",The properties of anticausatives crosslinguistically,2006,,De Gruyter Mouton,Berlin/New York,187-212,,,,,,,,,,"In this paper we provide evidence against derivational approaches to the causative/anticausative alternation. On the basis of the behavior of anticausatives in English, German and Greek we put forth an analysis of change of state verbs which builds on the idea that these are decomposed and contain in addition to the root they are derived from a Voice and a Cause component."
"linguistics, linguistic typology",causation,,article,comrie2006,"Comrie, Bernard",,"Transitivity pairs, markedness, and diachronic stability",2006,,,,303–318,,,Linguistics ,44,2,,,https://www.researchgate.net/publication/40852710_Transitivity_pairs_markedness_and_diachronic_stability,,"Utilizing the classification of formal relations in causative-inchoative verb pairs developed by Haspelmath (1993), this article examines two further ramifications. First, the 30 verbs in his list are divided into two groups of fifteen, one where crosslinguistically a causative pairing is most likely and the other where the anticausative pairing is most likely. Individual languages are then tested to see whether their verbs conform to this ordering, with overall very positive results. Second, the diachronic stability of languages with predominance of one or other of the individual types within the classification, in particular of the causative and anticausative types, is examined, with some results suggesting stability at least over millennia. Thus, Classical Arabic and Maltese have very similar profiles, even down to individual lexical concepts (even where the two languages have noncognate lexical items). Uralic languages, despite their close proximity to Indo-European languages with predominance of the anticausative type, still show predominance either of the causative type (Finnish, Udmurt), or of the equipollent type (Hungarian), the latter perhaps reflecting a compromise between the putative predominance of the causative type in Proto-Uralic and contact with Indo-European."
linguistics,"transitivity, valency",,book,kulikovetal2006,,"Kulikov, Leonid and Malchukov, Andrej and Swart, Peter de","Case, Valency and Transitivity",2006,,John Benjamins Publishing Company,Amsterdam/Philadelphia,503 pp.,,,,,,,,,,"The three concepts of case, valency and transitivity belong to the most discussed topics of modern linguistics. On the one hand, they are crucially connected with morphological aspects of the clause, including case marking, person agreement and voice. On the other hand, they are related to several semantic issues such as the meaning of case, semantico-syntactic verbal classes, and the semantic correlates of transitivity. The volume unifies papers written within different theoretical frameworks and representing variegated approaches (Optimality Theory, Government and Binding, various versions of the Functional approach, Cross-linguistic and Typological analyses), containing both numerous new findings in individual languages and valuable observations and generalizations related to case, valency and transitivity."
linguistics,event structure,Karachai-Balkar ,book,lyutikovaetal2006,"Лютикова, Екатерина Анатольевна and Татевосов, Сергей Георгиевич and Иванов, М. Ю. and Пазельская, Анна Германовна and Шлуинский, Андрей Болеславович",,Структура события и семантика глагола в карачаево-балкарском языке,2006,Event structure and semantics of the verb in Karachai-Balkar language,ИМЛИ РАН,Москва,464 с.,,,,,,,,,,
linguistics,lability,English,phdthesis,mcmillion2006,"McMillion, Alan",,"Labile Verbs in English: their Meaning, Behavior and Structure",2006,,,Stockholm,,,,,,,Stockholm University,,https://www.diva-portal.org/smash/record.jsf?pid=diva2%3A200811&dswid=3337,,"English has many verbs that syntactically occur in both transitive and intransitive clausal patterns. A subset of such verbs are called labile verbs, and these have a causative sense when they occur in the transitive pattern and a non-causative or inchoative sense in the intransitive pattern. Moreover, the object of the transitive pattern corresponds to the subject of the intransitive, e.g. she broke the window / the window broke. There are over 800 labile verbs in Present-day English. The central criterion for distinguishing labile verbs from other similarly alternating verbs is the switch in causativity. This study is an investigation of the meanings, patterning and behavior of Present-day English labile verbs. It also investigates the development of these verbs historically. Diachronically, the number of labile verbs in English has steadily increased since the Old English period, unlike any of the sister Germanic languages. Labile verbs developed from both transitive and intransitive verbs. The investigation also attempts to explain the behavior of labile verbs in terms of the notions result- and process-orientation, lexical event structures and compositionality of lexical verbs with clause level constructions."
"linguistics, linguistic typology",voice,,book,tsunodakageyama2006,,"Tsunoda, Tasaku and Kageyama, Taro",Voice and Grammatical Relations: In Honor of Masayoshi Shibatani,2006,,"John Benjamins Publishing Company",Amsterdam/Philadelphia,342 pp.,,,,,,,,,,"This volume presents thirteen original papers dealing with various aspects of two related areas of research of major concern to linguists of all theoretical persuasions: voice and grammatical relations. The papers are written from typological, functional, and cognitive perspectives, and contain a number of general studies as well as studies focusing on specific issues, and offer a wealth of data from a broad range of languages. The volume provides up-to-date discussions of an array of issues of theoretical concern, including the nature of grammatical relations, voice in agent/patient systems, the expression vs. non-expression of participant roles, and personal vs. impersonal passives. The papers in the volume demonstrate that investigations into the nature of voice and grammatical relations can still yield fresh theoretical and typological insights."
"linguistics, linguistic typology",passive,,book,wernerleisio2006,,"Werner, Abraham and Leisiö, Larisa",Passivization and Typology: form and function,2006,,John Benjamins Publishing Company,Amsterdam/Philadelphia,553 pp.,,,,,,,,,,"Is the passive a unified universal phenomenon? The claim derived from this volume is that the passive, if not universal, has become unified according to function. Language as a means of communication needs the passive, or passive-like constructions, and sooner or later develops them based on other voices (impersonal active, middle, reflexive), specific semantic meanings such as adversativity, or tense-aspect categories (stative,perfect, preterit). Certain contributors review the passives in various languages and language groups, including languages rarely discussed. Another group of contributors takes a novel theoretical approach toward passivization within a broad typological perspective. Among the languages discussed are Vedic, Irish, Mandarin Chinese, Thai, Lithuanian, Mordvin, and Nganasan, next to almost all European languages. Various theoretical frameworks such as Optimality Theory, Modern Structuralist Approaches, Role and Reference Grammar, Cognitive Semantics, Distributed Morphology, and Case Grammar have been applied by the different authors."
linguistics,argument structure,,article,bohnemeyer2007,"Bohnemeyer, Jürgen",,Morpholexical Transparency and the argument structure of verbs of cutting and breaking,2007,,,,,,,Cognitive Linguistics,18,2,,,,doi:10.1515/cog.2007.006 ,"Guerssel et al.’s (1985) generalizations regarding the argument structure of verbs of cutting and breaking (C&B, hereafter) are reanalyzed based on the principles of Morpholexical Transparency and Complete Linking. A working hypothesis according to which the C&B domain is universally exhaustively partitioned into argument structure classes of C&B verbs is proposed and tested against a corpus of data from 17 languages. Counterevidence to the hypothesis includes bipolar verbs that are semantically specific both on the state change and its cause and a language that lacks cut verbs, framing severance as state change. The survey suggests that universals of argument structure include the principles of Morpholexical Transparency and Complete Linking, but not specific verb classes."
linguistics,middle,,article,kaufmann2007,"Kaufmann, Ingrid",,Middle voice,2007,,,,1677-1714,,,Lingua,117,,,,, https://doi.org/10.1016/j.lingua.2006.10.001,"The middle differs from other argument changing operations in that it leads to different readings, in particular anticausative, reflexive, causative reflexive, and modal (facilitative). The readings depend on the semantic class of the base and the sortal properties of the highest argument. Middle verb forms that correspond to an active verb form generally display a reduced argument structure. Some readings also involve changes in the event structure. On the basis of data from Fula, I argue that the conceptual motivation of middle marking is the existence of actions that can be semantically modelled as involving an agent and a patient argument although in most cases, only one participant is involved in the event. Middle verb forms share the semantic representation of the corresponding active verb form. In contrast to active verb forms, middle verb forms do not project the agent argument into the argument structure. According to this analysis, the different middle readings are due to different interpretation strategies that can apply if the default initiator/controller of an action verb is not projected into the argument position which represents the actual initiator/controller of the event. Finally, the readings of the middle in Fula are compared with readings that can be observed in other languages and a set of parameters that accounts for the distribution is proposed."
linguistics,transitivity,,book,næss2007,"Næss, Åshild",,Prototypical Transitivity,2007,,John Benjamins Publishing Company,Amsterdam,240 pp.,,,,,,,,,https://doi.org/10.1075/tsl.72,"This book presents a functional analysis of a notion which has gained considerable importance in cognitive and functional linguistics over the last couple of decades, namely 'prototypical transitivity'. It discusses what prototypical transitivity is, why it should exist, and how it should be defined, as well as how this definition can be employed in the analysis of a number of phenomena of language, such as case-marking, experiencer constructions, and so-called ambitransitives. Also discussed is how a prototype analysis relates to other approaches to transitivity, such as that based on markedness. The basic claim is that transitivity is iconic: a construction with two distinct, independent arguments is prototypically used to refer to an event with two distinct, independent participants. From this principle, a unified account of the properties typically associated with transitivity can be derived, and an explanation for why these properties tend to correlate across languages can be given."
linguistics,causation,Agul,incollection,danieletal2008," Даниэль, Михаил А. and Майсак, Тимур А. and Мерданова, С. Р.","Плунгян, Владимир Александрович and Татевосов, Сергей Георгиевич",Каузатив в агульском языке: способы выражения и семантические контрасты,2008,,Изд-во Языки славянских культур,Москва,19-46,Исследования по глагольной деривации: Сборник статей,Studies on verb derivation: Collection of articles,,,,,,,,
"linguistics, linguistic typology, Afroasiatic","morphology, syntax, grammatical relations",Afroasiatic,book,frajzyngiershay2008,,"Frajzyngier, Zygmunt and Shay, Erin",Interaction of Morphology and Syntax: Case studies in Afroasiatic,2008,,John Benjamins Publishing Company,Amsterdam/Philadelphia,234 pp.,,,,,,,,https://benjamins.com/catalog/tsl.75,,"The present volume deals with hitherto unexplored issues on the interaction of morphology and syntax. These selected and invited papers mainly concern Cushitic and Chadic languages, the least-described members of the Afroasiatic family. Three papers in the volume explore one or more typological characteristics across an entire language family or branch, while others focus on one or two languages within a family and the implications of their structures for the family, the phylum, or linguistic typology as a whole. The diversity of topics addressed within the present volume reflects the great diversity of language structures and functions within the Afroasiatic phylum."
linguistics,"reciprocal, reflexive",,book,koeniggast2008,,"König, Ekkehard and Gast, Volker",Reciprocals and Reflexives: Theoretical and Typological Explorations,2008,,De Gruyter Mouton,Berlin/New York,652 pp.,,,,,,,,,,"This collection of original papers is a representative survey of recent theoretical and cross-linguistic work on reciprocity and reflexivity. Its most remarkable feature is its combination of formal approaches, case studies on individual languages and broad typological surveys in one volume, showing that the interaction of formal approaches to grammar and typology may lead to new insights and results for both fields. Among the major issues addressed in this volume are the following: How can our current knowledge about the space and limits of variation in the relevant domain be captured in a structural typology of reciprocity? What light can such a typology shed on the facts of particular languages or groups of languages (e.g. Austronesian)? How can recent descriptive and typological insights be incorporated into a revised and more adequate version of the Binding Theory? How do verbal semantics, argument structure and reciprocal markers interact? How can we explain the pervasive patterns of ambiguity observable in these two domains, especially the use of the same forms both as reflexive and reciprocal markers? What are the major sources in the historical development of reciprocal markers? This combination of large-scale typological surveys with in-depth studies of particular languages provides new answers to old questions and raises important new questions for future research."
linguistics,verb derivation,,book,plungiantatevosov2008,,"Плунгян, Владимир Александрович and Татевосов, Сергей Георгиевич",Исследования по глагольной деривации: Сборник статей,2008,Studies on verb derivation: Collection of articles,Изд-во Языки славянских культур,Москва,384 с.,,,,,,,,,,"В сборнике представлено пятнадцать статей, посвященных разнообразным семантическим и синтаксическим аспектам отглагольной деривации. На материале языков различной генетической и ареальной принадлежности авторы исследуют структуру и значение нескольких типов отглагольных образований, в частности, актантных и аспектуальных дериватов, а также номинализаций. Сборник предназначен для широкого круга читателей, интересующихся лингвистической типологией, теоретическим синтаксисом и грамматической семантикой."
linguistics,argument structure,,book,pylkkänen2008,"Pylkkänen, Liina",,Introducing Arguments,2008,,The MIT Press,Cambridge (Mass)/London,,,,,,,,,,https://doi.org/10.7551/mitpress/9780262162548.001.0001,"This concise work offers a compositional theory of verbal argument structure in natural languages that focuses on how arguments which are not “core” arguments of the verb (arguments that are not introduced by verbal roots themselves) are introduced into argument structures. It shows that the type of argument structure variation which allows additional noncore arguments is a pervasive property of human language and that most languages have verbs which exhibit this behavior. It would be natural to hypothesize that the grammatical elements which allow for this variation are the same in different languages, but the author, citing the differences between the inventories of verbs that allow additional arguments in English and Venda, shows the difficulties in this assumption. Either the noncore arguments are introduced by different elements with different distributions, she argues, or the introducing elements are the same and some other factor is responsible for the distributional difference. Distinguishing between these two types of explanation and articulating the properties of argument-introducing elements is the essence of the author’s theory. Investigating the grammatical elements which allow the addition of noncore arguments, she argues that the introduction of additional arguments is largely carried by seven functional heads. Following Chomsky, the author claims that these belong to a universal inventory of functional elements from which a particular language must make its selection. Cross-linguistic variation, she argues, has two sources: Selection; and the way a language packages the selected elements into syntactic heads."
"linguistics, semantics, syntax",event structure,,book,ramchand2008,"Ramchand, Gillian Catriona",,Verb Meaning and the Lexicon: A First Phase Syntax,2008,,Cambridge University Press,Cambridge,217 pp.,,,,,,,,,,"The relationship between the meaning of words and the structure of sentences is an important area of research in linguistics. Studying the connections between lexical conceptual meaning and event structural relations, this book arrives at a modular classification of verb types within English and across languages. Ramchand argues that lexical encyclopedic content and event structural aspects of meaning need to be systematically distinguished, and that thematic and aspectual relations belong to the latter domain of meaning. The book proposes a syntactic decompositional view of core verbal meaning, and sets out to account for the variability and systematicity of argument structure realisation across verb types. It also proposes an interesting view of lexical insertion."
"linguistics, semantics, syntax",event structure,,incollection,rappaporthovav2008,"Rappaport Hovav, Malka","Rothstein, Susan",Lexicalized Meaning and the Internal Temporal Structure of Events,2008,,John Benjamins Publishing Company,Amsterdam/Philadelphia,13-42,Theoretical and Crosslinguistic Approaches to the Semantics of Aspect,,,,,,,,,"This paper addresses the question of whether the four-way Vendler classification is appropriate for verbs or VPs. It suggests that the Vendler classification is not appropriate as a classification of verbs, and offers a different classification for the elements of lexicalized meaning which determine the aspectual potential of verbs. It highlights the importance of a class of verbs with a lexically encoded scale, illustrating that a large class of scalar verbs cannot be classified once and for all either as activities, accomplishments or achievements, though the lexically encoded scale accounts for most of the aspectual behavior of these verbs. The aspectual and syntactic significance of a lexicalized scale is explored. The class of verbs lexicalizing a scale is shown not to be the same as the class of verbs selecting an incremental theme. This is justified both on semantic grounds and on syntactic grounds. There appears to be more justification for recognizing the four-way Vendler classification at the VP level, though it is demonstrated that accomplishments do not have a uniform internal temporal structure, predominantly because of the variety of sources of incremental structure."
"linguistics, distributed morphology","causation, causative-inchoative",,book,schafer2008,"Schäfer, Florian",,The Syntax of (Anti-)Causatives: External arguments in change-of-state contexts,2008,,John Benjamins Publishing Company,Amsterdam/Philadelphia,324 pp.,,,,,,,,,,"This book develops an approach to the causative alternation that assumes syntactic event decomposition and a configurational theta theory. It is couched within the framework of the Minimalist Program and, especially, within Distributed Morphology. Central to the work is the syntax and semantics of canonical external arguments of causative verbs as well as of oblique causers and causative PPs in the context of anticausative verbs in different languages such as Germanic, Romance, Balkan, and Caucasian languages. The book also develops a new account of the origin and nature of the morphological marking which is often found on anticausatives across languages. The main claim is that this morphology is a reflex of a syntactic way to prohibit the assignment of the external theta role. Moreover, the book develops an account about the origin of the implicit agent in generic middles which often bear the same morphology as marked anticausatives."
linguistics,"voice, grammatical relations",Austronesian,book,Austinmusgrave2008,,"Austin, Peter K. and Musgrave, Simon",Voice and grammatical relations in Austronesian languages,2008,,CSLI Publications,Stanford,,,,,,,,,,,
linguistics,causation,Japanese ,incollection,harley2008,"Harley, Heidi","Miyagawa, Shigeru and Saito, Mamoru",On the causative construction,2008,,Oxford University Press,Oxford,20-53,Oxford Handbook of Japanese Linguistics,,,,,,,,https://doi.org/10.1093/oxfordhb/9780195307344.013.0002,
"linguistics, linguistic typology","causation, non-canonical",,article,kittila2009,"Kittilä, Seppo",,Causative morphemes as non-valency increasing devices,2009,,,,67-94,,,Folia Linguistica,43,1,,,,https://doi.org/10.1515/FLIN.2009.002,"Causativization is typically understood as a morphologically signaled process which introduces an agent to the valency of verbs, thus yielding constructions with n+1 arguments. This clearly constitutes the core of causatives, and many languages across the globe have means of expressing this function. In addition, causative morphemes may attach to verbs without affecting the valency of verbs and/or the number of arguments in clauses in any way. These are examined in this paper. Three types of non-prototypical uses of causative morphemes will be distinguished, based on whether causativization has consequences for the number of participants in the denoted event, the degree of agency associated with the instigator, or the transitivity of the denoted event in general. These three types are labeled COVERT CAUSATIVIZATION, AGENTIVIZATION and TRANSITIVIZATION. In addition to providing a systematic overview of non-prototypical uses of causative morphemes, the rationale behind the attested types and their relation to the causative prototype will also be discussed. The goal of the present study is to show that causativization involves more than the mere introduction of an agent. In so doing, it aims to broaden our perspective on causativization."
"linguistics, linguistic typology",anticausative,,article,koontzgarboden2009,"Koontz-Garboden, Andrew",,Anticausativization,2009,,,,77-138,,,Natural Language & Linguistic Theory,27,1,,,https://www.jstor.org/stable/40270311,,"This paper provides a comprehensive review and analysis of the facts of anticausativization, the phenomenon whereby an inchoative verb is morphologically derived from its causative counterpart (e.g., Spanish romper 'break (trans)' versus romperse 'break (intrans)'). It treats the phenomenon as reflexivization (Chierchia 2004), providing a number of new arguments for this kind of treatment, and showing how it, as opposed to alternatives in the literature, accounts for the wide range of data reviewed. In addition, the facts laid out show that inchoatives derived from causatives retain the CAUSE operator present in the lexical semantic representation of the causative verb from which they are derived, contrary to the widely held view of anticausativization as a process that deletes a CAUSE operator. In this way, it is shown that anticausativization does not provide an argument against the Monotonicity Hypothesis, the idea that word formation operations do not delete operators from lexical semantic representations."
"linguistics, linguistic typology",causation,Kalmyk,incollection,say2009,"Сай, Сергей Сергеевич","Сай, С.С. and Баранова, В.В. and Сердобольская, Н.В.",Аргументная структура калмыцких каузативных конструкций,2009,Argument structure of Kalmyk causative constructions,Наука,СПб,387-464,"Исследования по грамматике калмыцкого языка [Acta Linguistica Petropolitana. Труды Института лингвистических исследований РАН, том V, часть 2]",,,,,,,,,"В работе изучается валентностная структура калмыцких клауз, возглавляемых глаголами, содержащими морфологический показатель каузатива. Показано, что наряду с каноническими каузативными конструкциями, в которых число валентностей производного каузативного глагола превышает число валентностей исходного некаузативного глагола на один, при этом новый участник-каузатор вводится в синтаксическую позицию подлежащего, в калмыцком языке существует относительно большое количество неканонических конструкций, в которых наблюдаются те или иные отклонения от канонической схемы. Общим свойством всех конструкций с морфологически каузативным глаголом является то, что в них позицию подлежащего занимает участник, отличающийся в ролевом отношении от подлежащего при соответствующем некаузативном глаголе, при этом этот участник может занимать эту синтаксически приоритетную позицию не только из-за своих ролевых признаков, но из-за того, что говорящий помещает его в центр перспективы (в смысле Филлмора). Следствием дискурсивных свойств каузативных конструкций являются некоторые стратегии полипредикации и более широкие свойства использования каузативных конструкций в связном дискурсе, т. к. каузативация может быть одним из средств, используемых говорящими для соблюдения тенденции к сохранению единой перспективы в цепочках соположенных клауз."
linguistics,causation,,article,schafer2009,"Schäfer, Florian",,The Causative Alternation,2009,,,,641-681,,,Language and Linguistic Compass,3,2,,,https://compass.onlinelibrary.wiley.com/doi/10.1111/j.1749-818X.2009.00127.x,,"This article discusses the transitivity alternation between lexical causative verbs and their anticausative (inchoative) counterparts. It provides an overview of the semantic, syntactic and morphological properties of verbs undergoing the causative alternation, thereby identifying their cross-linguistically stable core as well as the areas of variation among languages. The main theoretical lines of analysis proposed in the literature are introduced by an exemplary discussion of accounts within lexical and syntactic frameworks of word formation. The article serves as an introduction to the research on the causative alternation as it presents important results achieved in the earlier literature, but also touches upon more recent findings and their theoretical interpretation. Finally, it addresses the aspects that still await a conclusive analysis."
"linguistics, semantics",transitivity,,book,brandtgarcia2010,,"Brandt, Patrick and García, Marco García","Transitivity: Form, Meaning, Acquisition, and Processing",2010,,John Benjamins Publishing Company,Amsterdam/Philadelphia,308 pp.,,,,,,,,,,
"linguistics, linguistic typology",argument structure,,book,duguineetal2010,,"Duguine, Maia and Huidobro, Susana and Madariaga, Nerea",Argument Structure and Syntactic Relations: a cross-linguistic perspective ,2010,,John Benjamins Publishing Company,Amsterdam/Philadelphia,348 pp.,,,,,,,,,,"The topic of this collection is argument structure. The fourteen chapters in this book are divided into four parts: Semantic and Syntactic Properties of Event Structure; A Cartographic View on Argument Structure; Syntactic Heads Involved in Argument Structure; and Argument Structure in Language Acquisition. Rigorous theoretical analyses are combined with empirical work on specific aspects of argument structure. The book brings together authors working in different linguistic fields (semantics, syntax, and language acquisition), who explore new findings as well as more established data, but then from new theoretical perspectives. The contributions propose cartographic views of argument structure, as opposed to minimalistic proposals of a binary template model for argument structure, in order to optimally account for various syntactic and semantic facts, as well as data derived from wider cross-linguistic perspectives."
"linguistics, methodology, linguistic typology, historical linguistics","valency, voice",,incollection,kulikov2010,"Kulikov, Leonid",,Bridging typology and diachrony: A preliminary questionnaire for a diachronic typological study of voice and valency-changing categories,2010,,Знак,Москва,139-163,Проблемы грамматики и типологии: Сборник статей памяти В. П. Недялкова,Issues in grammar and typology: a memorial volume for Vladimir Nedjalkov,,,,,,,,"This paper draws attention to the regrettable imbalance of the synchronic and diachronic typological studies. On the one hand, we have at our disposal a detailed synchronic analysis of the systems of several linguistic categories in the languages of the world. On the other hand, a systematic treatment of these categories in a diachronic perspective is lacking; their rise, development and decline mostly remain on the periphery of typological research. Special attention is paid to the grammaticalization theory, as one of approaches to diachronic typology of linguistic categories, focusing on its weak points and lacunae (as found, for instance, in Heine & Kuteva’s ""World lexicon of grammaticalization""), which are mainly due to the lack of interest to the evidence available from historical grammars. The paper further concentrates on the method of using questionnaires for diachronic typological research – which make the results more accessible for general linguists and typologists. This method is illustrated with a questionnaire for a diachronic typological study of voice and valency-changing categories."
"linguistics, linguistic typology",lability,,incollection,letuchiy2010,"Letuchiy, Alexander","Brandt, Patrick and García, Marco García",Lability and spontaneity,2010,,John Benjamins Publishing Company,Amsterdam/Philadelphia,237-255,"Transitivity: Form, Meaning, Acquisition, and Processing",,,,,,,,,"The present paper focuses on labile verbs – lexemes which can behave transitively or intransitively without a formal change. Haspelmath (1993a) and Comrie (2006) claim that the semantic spontaneity is the crucial factor for the distribution of inchoative/causative alternations, based on data of the causative and the anticausative formal types. In contrast, my analysis of labile verbs across languages shows that for lability, another factor is crucial, namely, the semantic classification of verbs. In particular, the groups as motion verbs, destruction verbs, and phasal verbs tend to be labile across languages."
"linguistics, syntax, morphology",argument structure,Latin,phdthesis,matellan2010,"Matellán, Víctor Acedo",,"Argument Structure and the Syntax-Morphology Interface. A Case Study in Latin and other Languages",2010,,,Barcelona,290 pp.,,,,,,Universitat de Barcelona,,http://hdl.handle.net/10803/21788,,"In this dissertation I put forth a syntactic theory of argument structure and the syntaxmorphology interface and I apply it mainly to Early and Classical Latin, although comparison with other languages and discussion of the facts in these languages is conceded a considerable weight. Drawing on Mateu 2002f., Borer 2005b and Marantz 1995f., I argue for a view of argument structure where a basic distinction is drawn between the elements carrying encyclopaedic content, the roots, and the syntactic configuration built around functional heads. Argument structure properties exclusively depend on the latter. Furthermore, the syntactic configuration provides the structural semantics of the linguistic expression. I endorse a theory of the syntaxmorphology interface like the one proposed in the Distributed Morphology framework: morphology is, by default, syntax, although some specific PF operations can disrupt the basic syntax-morphology isomorphism —an isomorphism which, I argue, is inherent to the syntax-semantics interface. Crucially, cross-linguistic variation shall be defended to depend exclusively on that lack of isomorphism between syntax and morphology. In particular, it is triggered ultimately by languagespecific morphophonological properties of functional heads. The empirical focus is set on the domain of events expressing a transition. I consider Talmy’s (2000) theory of the cross-linguistic expression of events of change, where a basic divide is drawn between the languages in which the transition can be encoded by a non-verbal element —satellite-framed languages— and the languages in which the transition must be encoded by the verb —verb-framed languages. I couch Talmy’s theory of transition events within a syntactic theory of argument structure, and I explore a wide range of constructions in Latin —either presenting new data or giving a new perspective on data from the Latin linguistics tradition— to show that Latin pertains to the class of satellite-framed languages. Following an idea in Mateu 2002:160 and Mateu & Rigau 2002, I propose that the s-/v-framed distinction is explainable in purely morphophonological terms. In particular, I make use of the theory of PF operations developed by Embick & Noyer (1999, 2001) within the Distributed Morphology framework, together with Hale & Keyser’s (2002:60f.) and Harley’s (2004) theory of conflation, to account for the distinction. Thus, in v-framed languages the eventive v head lowers, at PF, to the head encoding transition —Path— and fuses with it, yielding a unique locus for phonological realisation. On the other hand, in s-framed languages this Fusion operation does not take place, so v and Path are free to be phonologically realised independently from each other. Finally, I propose a refinement of Talmy’s typology within the class of s-framed languages. First, there are strong s-framed languages, like the Germanic languages, where v and Path are not required to form one word, and, thus, allow constructions like complex adjectival resultative constructions. Second, there are weak s-framed languages, like Latin, where v and Path must form one word (if both are realised independently from each other) and disallow, hence, constructions like adjectival resultative constructions. This distinction is accounted for in terms of a v-to-Path (PF) Lowering operation for weak s-framed languages, which creates a complex head. A three-way, gradual typology emerges encompassing strong s-framed languages (no v-to-Path Lowering and no Path-v Fusion), weak s-framed languages (v-to-Path Lowering, no Path-v Fusion) and v-framed languages (v-to-Path Lowering and Path-v Fusion)."
"linguistics, semantics, syntax",event structure,,book,rappaporthovavetal2010,,"Rappaport Hovav, Malka and Doron, Edit and Sichel, Ivy","Lexical Semantics, Syntax, and Event Structure",2010,,Oxford University Press,Oxford,404 pp.,,,,,,,,,,"This book focuses on the linguistic representation of temporality in the verbal domain and its interaction with the syntax and semantics of verbs, arguments, and modifiers. Leading scholars explore the division of labour between syntax, compositional semantics, and lexical semantics in the encoding of event structure, encompassing event participants and the temporal properties associated with events. They examine the interface between event structure and the systems with which it interacts, including the interface between event structure and the syntactic realization of arguments and modifiers. Deploying a variety of frameworks and theoretical perspectives they consider central issues and questions in the field, among them whether argument‐structure is specified in the lexical entries of verbs or syntactically constructed so that syntactic position determines thematic status; whether the hierarchical structure evidenced in argument structure find parallels in sign language; should the relation between members of an alternation pair, such as the causative‐inchoative alternation, be understood lexically or derivationally; and the role of syntactic category in determining the configuration of argument structure."
"linguistics, linguistic typology",grammatical relations,,phdthesis,witzlackmakarevich2010,"Witzlack-Makarevich, Alena",,Typological variation in grammatical relations,2010,,,Leipzig,330 pp.,,,,,,Universität Leipzig,,,,
linguistics,causation,South American languages,incollection,guillaumerose2010,"Guillaume, Antoine and Rose, Françoise","Floricic, Franck",Sociative causative markers in South American languages: A possible areal feature,2010,,ENS Éditions,Lyon ,383-402,Essais de typologie et de linguistique générale. Mélanges offerts a Denis Creissels,,,,,,,,,
"linguistics, historical linguistics",valency,English,article,gelderen2011,"Gelderen, Elly van",,Valency changes in the history of English,2011,,,,106-143,,,Journal of Historical Linguistics,1,1,,,,,"This article examines changes in the valency marking in the history of English. I start with a discussion of the typological literature on measuring basic valency and point out the problems with such an approach. A sample of 18 Old English verbs provides no basic valency pattern for Old English; this makes Old English different from the other Germanic languages. I then review the evidence, presented in, for instance, Visser (1963), that there is an increase in transitivity in the history of English and argue that this increase is partly due to verbs ceasing to mark Theme-preserving alternations, between anticausative and causative. I also examine Theme-changing alternations, between intransitive and transitive, and argue that, due to the changes in aspect marking, objects become licensed by a light verb, v. I conclude by suggesting a syntactic structure that accounts for the various stages of English and argue that the main changes are due to an increase in morphological intransparency."
"linguistics, semantics, syntax",causation,"Hungarian, Japanese",article,horvathsiloni2011,"Horvath, Julia and Siloni, Tal",,Causatives across components,2011,,,,657-704,,,Natural Language & Linguistic Theory,29,3,,,,,"The paper divides verbal alternations which, broadly speaking, involve the cognitive notion of Causation into (i) causativization, (ii) decausativization. The latter operation is identical across languages and applies universally in the lexicon. The former is argued to be lexical in some languages; in others, causative verbs are built in the syntax by means of a Cause predicate and an embedded one. The study presents novel empirical evidence, identifies and derives the various clusters of properties associated with the alternations, and formulates the precise mechanisms underlying them. The empirical array is drawn mainly from Hungarian and Japanese. The findings have direct implications for alternative conceptions of the division of labor between the syntax and the lexicon."
"linguistics, linguistic typology",voice,,incollection,kulikov2011,"Kulikov, Leonid","Song, Jae Jung",Voice Typology,2011,,Oxford University Press,Oxford,368-398,The Oxford Handbook of Linguistic Typology,,,,,,,https://www.researchgate.net/publication/48345448_Voice_Typology,,"This article provides definitions of 'voice' and related concepts within a slightly simplified version of the framework developed by the Leningrad-St Petersburg Typology Group. The three main formal means of encoding grammatical relations are case marking, verbal agreement, and word order. The category of 'voice' is determined on the basis of the concept of diathesis as follows: voice is a regular encoding of diathesis through verbal morphology. The article then deals with diatheses and voices in a broader sense of the term, i.e. with the changes in syntactic patterns that suggest some operations on the set of semantic roles and/or do not preserve this set intact. The relationships between diatheses/voices are also covered. Reciprocal markers may result from reduplication of reflexive morphemes. The causative markers can develop from verbal affixes with non-causative meanings. "
"linguistics, semantics, syntax","causation, event structure",,misc,rappaporthovavlevin2011,"Rappaport Hovav, Malka and Levin, Beth",,Lexicon Uniformity and the causative alternation,2011,,,,,,,,,,,,https://www.semanticscholar.org/paper/Lexicon-Uniformity-and-the-causative-alternation-Rappaport-Levin/42a91f96f1c3d75fd379456904d47a8d43bf8c5a,,"With respect to the first question, the perceived additional semantic complexity of the transitive or ‘causative’ variant—its explicit association with a notion of cause—may suggest that the transitive variant is derived from the intransitive or ‘anticausative’ variant1 by the addition of a CAUSE operator (e.g., Dowty 1979: 91; Hartl 2003; Lakoff 1966; Parsons 1990). This position is reinforced by the additional morphology associated with at least some verbs in this variant in some languages. In contrast, the intransitive variant is taken as derived by others (e.g., Chierchia 2003; Grimshaw 1982: 103ff; Levin and Rappaport Hovav 1995: 108; Reinhart 2002: 241, to appear: 27), most often because its verb is usually morphologically more complex than the verb in the causative variant in many languages, including French, Italian, and Russian (see also Koontz-Garboden 2009). "
"linguistics, semantics, syntax",event structure,,book,truswell2011,"Truswell, Robert",,"Events, Phrases, and Questions",2011,,Oxford University Press,Oxford,278 pp.,,,,,,,,,,"This book examines some knotty problems in natural language. These typically involve questions where the sense or the grammaticality of an utterance teeters on or over the edge of acceptability among native speakers. The phenomena in question have been examined within syntactic theory for over two decades with no wholly satisfactory outcome. Dr Truswell broadens the scope of the enquiry to the interface between syntactic structure and other, indirectly related, cognitive, and semantic structures such as aspect, agentivity, and presupposition. Uniting work from philosophical, cognitive and linguistic perspectives, he develops a model of the internal structure of events as perceptual and cognitive units. He deploys the model to explain and predict the acceptability of particular formulations. He considers the individuation of events in the light of the model and provides a novel account of patterns of question formation. He shows that these patterns throw new light on central claims of Chomsky's biolinguistic minimalist program and Jackendoff's parallel architecture theory of mind and language. This is work at the cutting edge of linguistic theory, catholic in its theoretical scope, open to insights from cognate fields, and illustrated with examples from a wide range of languages. It will interest philosophers, semanticists and cognitive scientists concerned with topics like events, agentivity, and planning, as well as linguists studying syntax or the syntax-semantics interface."
linguistics,valency,,book,faulhaber2011,"Faulhaber, Susen",,Verb valency patterns: A challenge for semantics-based accounts,2011,,De Gruyter Mouton,Berlin,357 pp.,,,,,,,,,https://doi.org/10.1515/9783110240788,"Taking as its point of departure the general assumption that meaning is crucial in accounting for verb complementation, this volume presents the results of an empirical study of verb complementation patterns of semantically similar English verbs. The semantic parallels of the verbs selected are based on their coverage in dictionaries - first and foremost the Valency Dictionary of English (Herbst, Heath, Roe and Götz 2004) - as well as corpus research and native speaker assessments. It is demonstrated that despite obvious similarities in complementation between such verbs, there are still a significant number of syntactic discrepancies which cannot be accounted for on the basis of meaning alone and that semantic factors - such as selection restrictions and aspectual properties - do not sufficiently correlate with the verbs' syntactic properties and consequently do not have sufficient explanatory power. Thus the results rigorously challenge so-called projectionist approaches which assume the position that complementation is determined by semantic properties and thus ought to be predictable on this basis. In the light of a general trend towards placing greater emphasis on semantic aspects, in the fields of construction grammar and cognitive grammar too, the number of idiosyncratic phenomena on the level of single complements as well as whole patterns clearly underlines the importance of storage phenomena as opposed to rule-based generation. As such it stresses the necessity of finding ways to systematically account for item-specific properties of verbs in any grammatical theory of the English language. The book is targeted at all linguists interested in the relationship between semantics and syntax, which is one of the prevalent questions in modern linguistics, also in the field of construction grammar and cognitive grammar. Since the data is presented in a way which is compatible with various theories of complementation, the target group is clearly not restricted to any specific linguistic school. Because of the large amount of item-specific information presented, this book is also a valuable source for grammarians and lexicographers."
linguistics,anticausative,,article,Horvathsiloni2011,"Horvath, Julia and Siloni, Tal",,Anticausatives: against reflexivization,2011,,,,2176-2186,,,Lingua,121,15,,,,https://doi.org/10.1016/j.lingua.2011.09.006,"Anticausative (unaccusative) verbs are not formed by a reflexivization operation. Contrary to claims advanced in recent studies, there is no evidence that they involve a Cause ingredient either in their lexical semantic representation or in the syntax. A series of arguments show that."
linguistics,"causation, non-canonical",,incollection,aikhenvald2011,"Aikhenvald, Alexandra Y.","Aikhenvald, Alexandra and Dixon, R. M. W.",Causatives which do not Cause: Non-Valency-Increasing Effects of a Valency-Increasing Derivation,2011,,Brill,Leiden,86-142,Language at Large: Essays on Syntax and Semantics,,,,,,,,https://doi.org/10.1163/ej.9789004206076.i-606.22,
linguistics,causation,,book,tubinoblanco2011,"Tubino Blanco, Mercedes",,Causatives in Minimalism,2011,,John Benjamins,Amsterdam/Philadelphia,,,,,,,,,https://www.researchgate.net/publication/229150734_Causatives_in_Minimalism,DOI: 10.1075/la.179,"This monograph studies issues of current minimalist concern, such as whether differences in the expression of argument and syntactic structure can all be attributed to the parameterization of specific functional heads. In particular, this book studies in-depth the extent to which variation in the expression of causation, available both intra- and crosslinguistically, can be accounted for by appealing only to the microparameterization of the causative head, Cause, as previously argued for by linguists such as Pylkkänen. It concludes that the microparameterization of Cause may explain some major characteristics associated with causatives, but it cannot be regarded as the only explanation behind variation in these structures. The book includes relevant discussion on argument structure and looks in detail at languages, such as the Uto-Aztecan Hiaki, that have not received much attention before. It is mostly intended for an audience interested in theoretical approaches to argument structure and variation."
linguistics,"causation, aspect",,book,croft2012,"Croft, William",,Verbs: Aspect and causal structure,2012,,Oxford University Press,Oxford,480 pp.,,,,,,,,,https://doi.org/10.1093/acprof:oso/9780199248582.001.0001,"“Verbs: aspect and causal structure” presents a model of event structure for the analysis of aspectual constructions and argument structure constructions in English and other languages. The central proposal is that the aspectual and causal structure of events should be clearly distinguished in their semantic representation, since each dimension makes a distinct contribution to the structure of grammatical constructions. In addition, aspect - the unfolding of events over time - must itself be analyzed in two dimensions, namely time and the qualitative states that an event enters or maintains over time. This geometric model of aspectual representation allows for a fine-grained and systematic analysis of aspectual types and their grammatical manifestation. The third dimension of event structure is the causal chain, the central semantic factor in argument realization. The aspectual and causal structures are integrated into a single model in which each participant in an event is represented by its own subevent, describing what that participant does (or has happen to it) as the event unfolds. The integrated event structure model is then used to analyze the types of events that are typically expressed in single verb constructions, with comparisons to selected complex predicate constructions such as resultative, depictive, converb and serial verb constructions."
"linguistics, semantics, syntax",argument structure,,book,everaertetal2012,,"Everaert, Martin and Marelj, Marijana and Siloni, Tal",The Theta System: Argument Structure at the Interface,2012,,Oxford University Press ,Oxford,407 pp.,,,,,,,,,,
"linguistics, syntax","event structure, lexical decomposition",,incollection,harley2012,"Harley, Heidi","Hinzen, Wolfram and Machery, Edouard and Werning, Markus",Lexical Decomposition in Modern Syntactic Theory,2012,,Oxford University Press,Oxford,328-350,The Oxford Handbook of Compositionality,,,,,,,,,"English ditransitive verbs that occur in the double-object frame are treated as syntactically complex, containing formatives CAUSE and HAVE in an embedding structure. The external argument of an agentive verb does not compose with the verb itself, but with an independent predicate, which relates the external argument to the verbal event. This independent predicate contributes the notion that the external argument is the Agent or Cause of the event. In the semi-neo-Davidsonian semantics proposed in Kratzer (1993, 1996), predicates denote a relationship between an individual and an eventuality, and a compositional operation of Event Identification applies to ensure that the stative eventuality and the causative eventuality are coindexed, each modifying the same single event argument, of which only a single temporal location can be predicated."
linguistics,causation,,incollection,neelemankoot2012,"Neeleman, Ad and Koot, Hans van de","Everaert, Martin and Marelj, Marijana and Siloni, Tal",The Linguistic Expression of Causation,2012,,Oxford University Press ,Oxford,,The Theta System: Argument Structure at the Interface,,,,,,,,,"It is commonly assumed that the linguistic representation of causation includes a causing event. We argue that this is not the case, neither in the syntactic nor in the lexical semantic representation of causative verbs. Instead, language emulates causation by encoding a resultant state and a crucial contributory factor in the causation of that state."
"linguistics, semantics, syntax","event structure, lexical decomposition",,incollection,wunderlich2012,"Wunderlich, Dieter","Hinzen, Wolfram and Machery, Edouard and Werning, Markus",Lexical Decomposition In Grammar,2012,,Oxford University Press,Oxford,307-327,The Oxford Handbook of Compositionality,,,,,,,,,"The hierarchy of conceptual categories involves a level of abstraction called the basic level. This is the level at which the subjects are fastest at identifying category members, at which conceptual priming most easily obtains, at which information is most easily remembered over time, and at which a single mental image can reflect the entire category. Basic-level categories tend to be the first ones acquired by young children, and also tend to be expressed by the simplest words. Various approaches have been developed to deal especially with verbs, which, as the basis of grammatical clauses, are more structured than nouns. Generative semantics explored the idea that the inherent structure of verbs conforms to the syntactic structure of sentences, and therefore should be studied by means of complex paraphrases."
linguistics,causation,,phdthesis,escamilla2012,"Escamilla, Ramón M.",,"An updated typology of causative constructions: form-function mappings in Hupa (Californian Athabaskan), Chungli Ao (Tibeto-Burman) and beyond",2012,,,,,,,,,,"University of California, Berkeley",,,,
linguistics,causation,Lithuanian,article,arkadiev2013,"Arkadiev, Peter",,From transitivity to aspect: the causative-inchoative alternation and its extensions in Lithuanian,2013,,,,39-77,,,Baltic Linguistics,4,,,,,,"This paper proposes a unified treatment of two important types of morpho-semantic correlations involving Lithuanian verbs forming their present stem with nasal infix or suffix-st: the causative/inchoative correlation of the type kilti 'rise' (intransitive) vs. kelti 'raise' (transitive) and the purely aspectual (actional) correlation of the type verkti 'weep' (atelic process) vs. pravirkti 'start weeping' (telic achievement), involving mostly intransitive verbs differing as process/state vs. event and not affecting their argument structure. It is argued that the latter correlation, despite having been largely neglected in the literature, is even more widespread in Lithuanian than the former. It is argued that the aspectual correlation has undergone extension in the more recent history of Lithuanian, and a diachronic scenario is outlined accounting for the semantic and morphological links between the older transitivity alternation and the newer actional alternation."
"linguistics, description",causation,Bassa,article,imoh2013,"Imoh, Philip Manda",,Causative Constructions: A Descriptive Analysis,2013,,,,66-89,,,UJAH: Unizik Journal of Arts and Humanities ,14,2,,,,,"This study is a descriptive study of causative constructions in Bassa language. It is a language classified as belonging to the Western Kru of Benue Congo (Blench, & Williamson, 2000:25; Crozier and Blench, 1992:32). Causative construction implies an expression where the caused event is depicted as taking place because someone does something or something happens, that is, if x hadn’t happened, y wouldn’t have happened. The process is characterized by two events such that one occurs at t1 and another at t2, and the occurrence of the first is responsible for the second event. Data for the study were sourced by a customized checklist, my native intuition as native speaker, and some written texts in Bassa. The work discovered that morphologically derived causative verbs could come from a verb or an adjective stem and in each case; it is characterized by transitivizing the derived verb with the resultant effect of increasing the argument by one to the basic structure and transformation of the arguments. In this case, the basic subject moves to the object position and the applied argument, that is, the causer argument becomes the subject of the derived mono-clausal structure. This work also discovered that when these processes occur, the applied subject is focalized, becomes the privileged argument and displaces the inherent subject and moves it below the predicate and the derived mono-clausal sentence from the complex sentence is economized."
"linguistics, linguistic typology","causation, non-canonical",,article,kittila2013,"Kittilä, Seppo",,Causative morphemes as a de-transitivizing device: what do non-canonical instances reveal about causation and causativization?,2013,,,,113-138,,,Folia Linguistica,47,1,,,,https://doi.org/10.1515/flin.2013.006,"Causativization is typically understood as a process that increases the valency of verbs via agent introduction. In addition, causatives have other functions, such as agentivization. Here, we examine even less orthodox functions of causative mor-phemes: cases in which causativization decreases the degree of transitivity associ-ated with the denoted event – that is, the expressed function is the exact opposite of the canonical function. The expression of this function by causative morphemes becomes understandable if we consider the differences between agent-related and causer-related  causation.  In  agent-related  causation,  the  original  clause  involves  no agent and agent introduction is thus complete (as in ‘the child broke the vase’). In the causer-related causation, agent introduction is less complete since the ori-ginal event already involves an agent (‘I made him build a house’). The occurrence of transitivity-decreasing causatives is explained by referring to features of causer-related  causation.  Moreover,  the  article  proposes  a  grammaticalization  path  for  de-transitivizing causatives based on instances of causer-related causation."
"linguistics, linguistic typology",lability,,book,letuchiy2013,"Летучий, Александр Борисович",,Типология лабильных глаголов,2013,Typology of labile verbs,Языки славянской культуры,Москва,384 с.,,,,,,,,,,"В книге на типологическом материале исследуются лабильные глаголы — глаголы, способные быть и переходными, и непереходными без изменения формы (например, английский break 'ломать(ся)', русский капать — Вода капает — Я капаю воду в стакан). Лабильность до сих пор не изучена лингвистикой в полной мере. Часто считается, что лабильные глаголы — это явление, характерное, прежде всего, для английского и кавказских языков. В монографии показано, что это не так: в языках самых разных ареалов и генетической принадлежности есть лабильные глаголы. Книга адресована лингвистам, специалистам в области синтаксиса, семантики, лингвистической типологии. Она может быть интересна и специалистам по описанию отдельных языков, семей и ареалов, поскольку лабильность обнаруживается в самых разных типах языков.The book analyzes typology of labile verbs (verbs which can be transitive or intransitive with no formal change). The set of topics includes: - Labile verbs and similar phenomena - Geographical distribution of labile verbs - Classification of labile verbs - Diachronic issues of lability - Labile verbs in Arabic (case study)"
"linguistics, philosophy, psychology",causation,,book,copleymartin2014,,"Copley, Bridget and Martin, Fabienne",Causation in Grammatical Structures,2014,,Oxford University Press,Oxford,472 pp.,,,,,,,,https://academic.oup.com/book/8668,,"Causation is a topic of great interest to a number of different domains related to the study of natural language, from philosophy to cognitive ontology to argument structure. However, these domains have historically seen little interaction. This volume collects research from experts in the fields of linguistics, philosophy, and psychology, making explicit their assumptions and key questions, with the aim of arriving at a more sophisticated understanding both of how causal concepts are expressed in causal meanings and of how those meanings in turn are organized into structures. The research presented here addresses some of the most exciting current questions related to the way causation is expressed in grammatical structures, using data from both familiar and less familiar languages."
linguistics,"causation, event structure",,incollection,lyutikovatatevosov2014,"Lyutikova, Ekaterina and Tatevosov, Sergei","Copley, B. and Martin, F.",Causativization and event structure,2014,,Oxford University Press,Oxford,279-327,Causation in grammatical structures,,,,,,,,,
"linguistics, linguistic typology",lability,,article,creissels2014,"Creissels, Denis",,P-lability and radical P-alignment,2014,,,,911-944,,,Linguistics ,52,4,,,https://www.researchgate.net/publication/271382600_P-lability_and_radical_P-alignment,,"The study of P-lability in languages in which the relationship be-tween  transitive and intransitive predication can be characterized as radicalP-alignment must take into account the formal distinction between weak andstrong lability, and the semantic distinction between argument structure modify-ing and argument structure preserving lability. Radical P-alignment is particularlycommon among Daghestanian languages in which some authors operating witha loose definition of P-lability have argued that P-lability is pervasive, whereasothers have argued that, in the same languages, P-lability is exceptional. On thebasis of more precise definitions, it is shown that, in the languages in question,all transitive verbs exhibit a behavior whose characterization as a type of labilitymay be controversial, depending on the definition of lability, whereas some ofthem only show a behavior that stands closer to prototypical lability. This paperargues that the observation of causativization is particularly relevant to the anal-ysis of lability in such languages."
"linguistics, linguistic typology",causation,,article,haspelmathetal2014,"Haspelmath, Martin and Calude, Andreea and Spagnol, Michael and Narrog, Heiko and Bamyacı, Elif",,Coding causal–noncausal verb alternations: A form–frequency correspondence explanation,2014,,,,587-625,,,Journal of Linguistics,50,3,,,https://www.researchgate.net/publication/272038244_Coding_causal-noncausal_verb_alternations_A_form-frequency_correspondence_explanation_-_CORRIGENDUM,,"We propose, and provide corpus-based support for, a usage-based explanation for cross-linguistic trends in the coding of causal–noncausal verb pairs, such as raise/rise, break (tr.)/break (intr.). While English mostly uses the same verb form both for the causal and the noncausal sense (labile coding), most languages have extra coding for the causal verb (causative coding) and/or for the noncausal verb (anticausative coding). Causative and anticausative coding is not randomly distributed (Haspelmath 1993): Some verb meanings, such as ‘freeze’, ‘dry’ and ‘melt’, tend to be coded as causatives, while others, such as ‘break’, ‘open’ and ‘split’, tend to be coded as anticausatives. We propose an explanation of these coding tendencies on the basis of the form–frequency correspondence principle, which is a general efficiency principle that is responsible for many grammatical asymmetries, ultimately grounded in predictability of frequently expressed meanings. In corpus data from seven languages, we find that verb pairs for which the noncausal member is more frequent tend to be coded as anticausatives, while verb pairs for which the causal member is more frequent tend to be coded as causatives. Our approach implies that linguists should not rely on form–meaning parallelism when trying to explain cross-linguistic or language-particular patterns in this domain."
"linguistics, morphology, syntax","derivation, causation",,incollection,koontzgarboden2014,"Koontz-Garboden, Andrew","Lieber, R. and Stekauer, P.",Verbal derivation,2014,,Oxford University Press,Oxford,257-275,The Oxford Handbook of Derivational Morphology,,,,,,,,,"This chapter surveys issues in verbal derivational morphology that have been at the forefront of work in linguistic theory since the early days of generative grammar, including polysemy, conversion, the nature of affixal and root meaning, inflection, derivation, and lexicalism. The overview of these issues is followed by more detailed discussion of the syntactic and semantic representation of verb meaning, an issue at the forefront of much current work on verbal derivational morphology. Predictions of two contrasting approaches are discussed through a cross-linguistic case study of the causative alternation."
"linguistics, pragmatics","causation, causative-Inchoative",English,article,rappaporthovav2014,"Rappaport Hovav, Malka",,Lexical content and context: The causative alternation in English revisited,2014,,,,8-29,,,Lingua,141,,,,,,This paper supports an analysis of the causative alternation in English in which all alternating verbs are lexically associated only with the internal argument(s). Lexical and contextual constraints on the distribution of the variants are distinguished. Semantic constraints on what kinds of causes appear with which verbs in various uses are argued not to be lexically specified. The account distinguishes clearly between the principled availability of the two variants of a causative alternation verb and the principles governing the (non)expression of the external cause. Many of the nonlexical constraints on the causative alternation are best understood as resulting from principles which determine which variant of the alternation is most appropriate in a given discourse context.
"linguistics, linguistic typology","anticausative, causation, lability",,misc,watp2014,,,The World Atlas of Transitivity Pairs,2014,,,Tokyo,,,,,,,National Institute for Japanese Language and Linguistics,,Available online at: http://verbpairmap.ninjal.ac.jp ,,"The World Atlas of Transitivity Pairs (WATP) is a geo-typological database of morphologically related transitivity pairs such as ak-u ‘to open (intransitive)’: ak-e-ru ‘to open (transitive)’ in Japanese, which participate in the causative alternation (doa-ga aita [The door opened] vs. Taro-ga doa-o aketa [Taro opened the door]). It consists of primary data from about 95 languages contributed by about 80 researchers, which can be downloaded for research purpose."
"linguistics, linguistic typology",lability,,misc,Kulikovlavidas2014,,"Kulikov, Leonid and Lavidas, Nikolaos",Special Issue: Typology of Labile Verbs: Focus on Diachrony,2014,,,,,,,Linguistics,52,4,,,,,
"linguistics, distributed morphology","causation, anticausative",,book,alexiadouetal2015,"Alexiadou, Artemis and Anagnostopoulou, Elena and Schäfer, Florian",,External Arguments in Transitivity Alternations: A Layering Approach,2015,,Oxford University Press,Oxford,,,,,,,,,,,"This book is an exploration of the syntax of external arguments in transitivity alternations from a cross-linguistic perspective. The empirical focus is the causative/anticausative alternation and the formation of (adjectival) Passives. The bulk of the discussion, couched within Distributed Morphology, is devoted to the properties of the (anti-)causative alternation, which the text takes to be a Voice alternation. It offers a detailed discussion of the morphological realization of anticausatives across languages, and argues that marked anticausatives involve expletive Voice and are not reflexive predicates. In the discussion of Passives, the book argues that the fact that Passives in German and English—unlike their counterparts in Greek, where Passives are syncretic with anticausatives—are morphologically unique reflects the fact that they are also structurally unique. Passives in English and German involve Passive Voice, while they involve Middle Voice in Greek. The text furthermore shows that the distinction between target and resultant state participles is an important one in order to understand the contribution of Voice in adjectival Passives. Importantly, the study provided tools to probe into the morpho-syntactic structure of verbs and participles, and to identify the properties of verbal alternations across languages."
linguistics,anticausative,"Latin, Old Norse-Icelandic",article,cennamoetal2015,"Cennamo, Michela and Eythórsson, Thórhallur and Barðdal, Jóhanna",,Semantic and (morpho)syntactic constraints on anticausativization: evidence from Latin and Old Norse-Icelandic,2015,,,,677-729,,,Linguistics,53,4,,,,,
"linguistics, semantics, pragmatics","argument structure, causation",,article,levin2015,"Levin, Beth",,Semantics and Pragmatics of Argument Alternations,2015,,,,63-83,,,Annual Review of Linguistics,1,,,,https://www.annualreviews.org/doi/abs/10.1146/annurev-linguist-030514-125141,,"After setting out the challenges posed by argument alternations for linguistic theory, this article reviews the development of accounts of argument alternations over the past 50 years, documenting a shift from accounts that are primarily syntactic in nature to accounts with semantic and pragmatic components. The remainder of this review consists of case studies of the developing understanding of the semantics and pragmatics of the dative alternation and the causative alternation. Each case study stresses the interplay of semantic and contextual factors in characterizing the relation between the two variants that make up the alternation and in determining the choice of variant in a given context."
"linguistics, linguistic typology","verb classification, valency",,book,malchukovcomrie2015a,,"Malchukov, Andrej and Comrie, Bernard","Valency Classes in the World’s Languages: Volume 1 Introducing the Framework, and Case Studies from Africa and Eurasia",2015,,De Gruyter Mouton,Berlin/Boston,873 pp.,,,,,,,,,,"Earlier empirical studies on valency have looked at the phenomenon either in individual languages or a small range of languages, or have concerned themselves with only small subparts of valency (e.g. transitivity, ditransitive constructions), leaving a lacuna that the present volume aims to fill by considering a wide range of valency phenomena across 30 languages from different parts of the world. The individual-language studies, each written by a specialist or group of specialists on that language and covering both valency patterns and valency alternations, are based on a questionnaire (reproduced in the volume) and an on-line freely accessible database, thus guaranteeing comparability of cross-linguistic results. In addition, introductory chapters provide the background to the project and discuss its main characteristics and selected results, while a series of featured articles by leading scholars who helped shape the field provide an outside perspective on the volume’s approach. The volume is essential reading for anyone interested in valency and argument structure, irrespective of theoretical persuasion, and will serve as a model for future descriptive studies of valency in individual languages."
"linguistics, linguistic typology","verb classification, valency",,book,malchukovcomrie2015b,,"Malchukov, Andrej and Comrie, Bernard","Valency Classes in the World’s Languages: Volume 2 Case Studies from Austronesia, the Pacific, the Americas, and Theoretical Outlook",2015,,De Gruyter Mouton,Berlin/München/Boston,873 pp.,,,,,,,,,,"Earlier empirical studies on valency have looked at the phenomenon either in individual languages or a small range of languages, or have concerned themselves with only small subparts of valency (e.g. transitivity, ditransitive constructions), leaving a lacuna that the present volume aims to fill by considering a wide range of valency phenomena across 30 languages from different parts of the world. The individual-language studies, each written by a specialist or group of specialists on that language and covering both valency patterns and valency alternations, are based on a questionnaire (reproduced in the volume) and an on-line freely accessible database, thus guaranteeing comparability of cross-linguistic results. In addition, introductory chapters provide the background to the project and discuss its main characteristics and selected results, while a series of featured articles by leading scholars who helped shape the field provide an outside perspective on the volume’s approach. The volume is essential reading for anyone interested in valency and argument structure, irrespective of theoretical persuasion, and will serve as a model for future descriptive studies of valency in individual languages."
"linguistics, linguistic typology",valency,Zapotec,book,opersteinsonnenschein2015,,"Operstein, Natalie and Sonnenschein, Aaron Huey ","Valence Changes in Zapotec: Synchrony, diachrony, typology",2015,,John Benjamins Publishing Company,Amsterdam/Philadelphia,"385 pp.",,,,,,,,,,"Zapotec languages present a wide range of lexical, morphological, phonological, and syntactic means of indicating valence changes. Despite their significant theoretical interest, detailed descriptions of valence-changing phenomena in Zapotec are rare, comparative studies are practically non-existent, and Zapotec contributions to the general typology of valence-changing phenomena still remain largely untapped. The present volume addresses this imbalance by being the first to explore Zapotec valence-changing constructions in depth, and to highlight their broad comparative, typological, and theoretical significance. This book contains both write-ups of contributions to the Special Session on Valence-Changing Devices in Zapotecan (annual meeting of SSILA, 2012) and specially commissioned chapters. It will be of interest to Zapotecanists, Otomangueanists, Mesoamericanists, typologists, morphologists, syntacticians, semanticians, and general linguists with an interest in valence-changing phenomena, and may also be used as supplementary reading in field methods and typology courses."
linguistics,"causation, non-canonical",Samoyedic,article,stenin2015,"Стенин, Иван А.",,Некаузативные эффекты каузативной морфологии в северносамодийских языках,2015,Non-causative effects of causative morphology in the Northern Samoyedic languages,,,583-597,,,Acta Linguistica Petropolitana. Труды института лингвистических исследований,XI,2,,,,,"В статье рассматриваются такие употребления каузативных показателей в северно-самодийских языках, которые не имеют собственно каузативной семантики. Обнаруженные вторичные эффекты каузативной морфологии включают аппликативизацию, агентивизацию, выражение неинтенциональной каузации и конверсивных отношений. В аппликативном значении каузативный показатель модифицирует только непереходные основы. Маркируя неинтенциональную каузацию, аффикс каузатива присоединяется прежде всего к амбитранзитивным основам и переводит их в разряд строго переходных. Данные северно-самодийских языков позволяют дополнить и уточнить существующую классификацию несобственных употреблений каузативных показателей."
linguistics,event structure,,book,tatevosov2015event,"Татевосов, Сергей Г.",,Акциональность в лексике и грамматике. Глагол структура события,2015,,Языки славянской культуры,Москва,368 с.,,,,,,,,,,
linguistics,causation,Lithuanian,incollection,arkadievpakerys2015,"Arkadiev, Peter and Pakerys, Jurgis","Holvoet, Axel and Nau, Nicole",Lithuanian morphological causatives: A corpus-based study,2015,,,,39-97,Voice and Argument Structure in Baltic,,,,,,,,DOI: 10.1075/vargreb.2.01ark,"We analyse morphological causative verbs in Lithuanian on the basis of an annotated corpus, studying the distribution of different causative suffixes across the valency types of base verbs, as well as the argument structure of the causatives themselves. We show that different causative suffixes are unevenly distributed with respect to the transitivity and agentivity of the base verbs and that morphological causatives in Lithuanian, no longer being productive, tend to pattern in their argument structure and interpretation together with ordinary transitive verbs. The not very numerous causatives based on transitive verbs are investigated, and it is shown that causatives based on “ingestive” verbs like ‘eat’ or ‘drink’ behave differently from causatives formed from other semantic types of bases, in particular in that they allow the expression of both participants of the caused event. The non-ingestive transitive verbs derive the so called “curative” causatives which are peculiar in that they never allow an overt regular expression of the agent of the caused situation, therefore not being valency-increasing in the strict sense of the term. Such causatives are also shown to undergo meaning shifts rendering them partly synonymous to their base verbs thus losing the original causative semantics."
linguistics,valency,,book,tesniere2015,"Tesnière, Lucien",,Elements of structural syntax,2015,,John Benjamins Publishing Company,Amsterdam/Philadelphia,,,,,,,,1959,,,
"linguistics, linguistic typology",causation,,article,haspelmath2016,"Haspelmath, Martin",,Universals of causative and anticausative verb formation and the spontaneity scale,2016,,,,33-63,,,Lingua Posnaniensis ,58,2,,,https://www.researchgate.net/publication/322985039_Universals_of_causative_and_anticausative_verb_formation_and_the_spontaneity_scale,,"In this paper, I formulate and explain a number of universal generalizations about the formation of causative verbs (overtly marked verbs with causal meaning) and anticausative verbs (overtly marked verbs with noncausal meaning). Given the “spontaneity scale” of basic verb meanings (transitive > unergative > automatic unaccusative > costly unaccusative > agentful), we can say that verb pairs with a noncausal verb higher on the scale tend to be causative pairs, and verb pairs with a noncausal verb lower on the scale tend to be anticausative pairs. I propose that these generalizations can be subsumed under form-frequency correspondence: That transitive base verbs tend to form causatives (often analytic causatives) is because they rarely occur in causal contexts, and the fact that unaccusative verbs tend to be coded as anticausatives is because they frequently occur in causal contexts, and special marking is required for the rarer and less expected situation."
"linguistics, linguistic typology",causation,,article,levshina2016a,"Levshina, Natalia",,Finding the best fit for direct and indirect causation: A typological study,2016,,,,65-82,,,Lingua Posnaniensis,58,2,,,,,
"linguistics, linguistic typology",causation,,article,levshina2016b,"Levshina, Natalia",,Why we need a token-based typology: A case study of analytic and lexical causatives in fifteen European languages,2016,,,,507-542,,,Folia Linguistica,50,2,,,,,
"linguistics, semantics, syntax",argument structure,,book,reinhart2016,"Reinhart, Tanya","Everaert, Martin and Marelj, Marijana and Reuland, Eric","Concepts, Syntax, and Their Interface: The Theta System",2016,,The MIT Press,Cambridge (MA)/London,262 pp.,,,,,,,,,,"One of Tanya Reinhart's major contributions to linguistic theory is the development of the Theta System (TS), a theory of the interface between the system of concepts and the linguistic computational system. Reinhart introduced her theory in a seminal paper, “The Theta System: Syntactic Realization of Verbal Concepts” (2000) and subsequently published other papers with further theoretical development. Although Reinhart continued to work on the Theta System, she had not completed a planned Linguistic Inquiry volume on the topic before her untimely death in 2007. This book, then, is the first to offer a systematic exposition of Reinhart's Theta System. The core of the book is Reinhart's 2000 paper, accompanied by substantial endnotes with clarifications, summaries, and links to subsequent modifications of the theory, some in Reinhart's unpublished work. An appendix by Marijana Marelj discusses the domain of Case, based on an LSA course she taught with Reinhart in 2005. Two additional essays by Reinhart's linguistic colleagues discuss the division of labor between the lexicon and syntax and the apparent conflict between the Theta System and Distributed Morphology."
linguistics,anticausative,Luragooli,incollection,gluckmanbowler2016,"Gluckman, John and Bowler, Margit","Payne, Doris L. and Pacchiarotti, Sara and Bosire, Mokaya",The anticausative alternation in Luragooli,2016,,Language Science Press,Berlin,271-289,Diversity in African languages,,,,,,,,DOI:10.17169/langsci.b121.486,"We discuss the distribution of the verbal suffix -Vk in Luragooli (Luyia, Bantu) based on original fieldwork with a native speaker. We show that -Vk patterns like an anticausative marker with respect to a number of different diagnostics, including licensing of theta-roles and interaction with lexical aspect. We compare Luragooli to other languages with anticausative morphology and identify different classes of verbs based on their behavior with the -Vk suffix. "
linguistics,anticausative,,article,schäfervivanco2016,"Schäfer, Florian and Vivanco, Margot",,"Anticausatives are weak scalar expressions, not reflexive expressions",2016,,,,1-36,,,Glossa: a journal of general linguistics,1,,,,,https://doi.org/10.5334/gjgl.36,"We discuss conceptual and empirical arguments from Germanic, Romance and Slavic languages against an analysis treating anticausative verbs as derived from their lexical causative counterparts under reflexivization. Instead, we defend the standard account to the semantics of the causative alternation according to which anticausatives in general, and anticausatives marked with reflexive morphology in particular, denote simple one-place inchoative events that are logically entailed by their lexical causative counterparts. Under such an account, anticausative verbs are weak scalar expressions that stand in a semantico-pragmatic opposition to their strong lexical causative counterparts. Due to this scalar relation, the use of an anticausative can trigger the implicature that the use of its lexical causative counterpart is too strong. As usual with implicatures, they can be ‘metalinguistically’ denied, cancelled, or reinforced and we argue that these mechanisms explain all central empirical facts brought up in the literature in favor of a treatment of anticausatives as semantically reflexive predicates. Our results reinforce the view that the reflexive morphemes used in many (Indo-European) languages to mark anticausatives do not necessarily trigger reflexive semantics. However, we also show that a string involving a reflexively marked (anti-)causative verb can be forced into a semantically reflexive construal under particular conceptual or grammatical circumstances."
"linguistics, linguistic typology",valency,,book,gonzaleznavarro2017,,"González, Albert Álvarez and Navarro, Ia",Verb Valency Changes: Theoretical and typological perspectives,2017,,John Benjamins Publishing Company,Amsterdam/Philadelphia,310 pp.,,,,,,,,,,"This volume surveys a variety of verb valency change phenomena among diverse languages and from diverse theoretical viewpoints. It offers typological studies comparing languages in topics like applicative polysemy, complex predicate formation and locative alternation, but also works describing the different valency-changing operations in specific languages including West Circassian, Huasteca Nahuatl, Tlachichilco Tepehua and Seri, and works dealing with specific valency change constructions, such as tla- constructions in Nahuatl, resultatives in Yaqui, antipassives in Mocoví, and labile verbs in Arabic. This book aims to put this variety of backdrops in perspective and to clarify the notion and mechanisms of verb valency change. Both scholars and expert readers will get in these works a better understanding of the different verb valency changing operations and of the typological aspects involved in this phenomenon, together with a better grasp of how argument realization and verb morphology are connected in some languages."
"linguistics, grammaticalization",causation,,article,shustovaetal2017,"Shustova, Svetlana V. and Osheva, Elena A. and Klochko, Konstantin A.",,Desemantization of Functional Grammatical Causatives in the Aspect of Grammaticalization,2017,,,,34-41,,,XLinguae,10,1,,,,,"This article dwells upon the issues, connected with the prototype theory and grammaticalization theory in the sphere of causativeness category which is considered as interpersonal interaction. Functional grammatical causatives appear to be a means of causativeness actualization. In the process of functioning, they display prototypical characteristics which form the core of causativeness category and are traced to analytical tools of a language. One of leading grammaticalization indicators is desemantization, as a verb loses its lexical meaning in a certain environment and acquires grammatical functions. Functional grammatical causatives are considered to be analytical causative, for their meaning is formed in the sphere of functioning of such English verbs as to cause, to make, to force, to get, to bring, to let, to permit, to set, to keep, to allow; German verbs: lassen (to let, to cause), heiβen (to tell, to bid), machen (to make), bringen (to make, to get, to drive). Functional grammatical causatives possess generalized meaning and desemantization, display high usage frequency and have a wide range of generated constructions."
linguistics,valency,,book,hellanetal2017,,"Hellan, Lars and Malchukov, Andrej L. and Cennamo, Michela",Contrastive studies in verbal valency,2017,,John Benjamins Publishing Company,Amsterdam/Philadelphia,476 pp.,,,,,,,,,https://doi.org/10.1075/la.237,"In recent years, issues of verbal valency, valency alternations and verb classes have seen a new upsurge of interest from a variety of perspectives. This book comprises articles investigating valency phenomena on a contrastive basis within Romance, Germanic and Slavic, and also in Basque and in the West-African language Ga, as well as classical Greek and Sanskrit. Phenomena include transitive and ditransitive constructions and alternations, involving reflexives, cognate objects, ’null’ objects, case (in its syntagmatic and paradigmatic aspects), and infinitives, mostly in a synchronic perspective. Aiming at a closer understanding of the range of regularities falling within the concept of valency frames, the book offers a representative array of current assumptions, hypotheses, methodologies and new findings within the overall field. The volume will provide a valuable resource for researchers and students both in general linguistics and in the relevant language particular disciplines."
linguistics,causation,,phdthesis,bellingham2017,"Bellingham, E.",,Inferring why: the underspecification of causality in narrative event descriptions,2017,,,,,,,,,,University at Buffalo,,,,
linguistics,"causation, syntax",Nenets,article,stenin2017,"Стенин, И. А.",,Синтаксис каузативной конструкции в ненецких языках ,2017,Syntax of a causative construction in the Nenets languages,,,25-35,,,Томский журнал лингвистических и антропологических исследований,1,15,,,,,
"linguistics, linguistic typology","verb classification, valency",,book,say2018,,"Сай, Сергей Сергеевич",Валентностные классы двухместных предикатов в разноструктурных языках,2018,Valency classes of two-place predicates,ИЛИ РАН,Санкт-Петербург,624 с.,,,,,,,,,,"Сборник отражает результаты работы по проекту, посвященному анализу моделей кодирования актантов двухместных предикатов в разноструктурных языках. В основе проекта лежит единая анкета, содержащая 130 предикатных значений. В составе сборника публикуется 28 статей, в которых представлены результаты работы по этой анкете для отдельных языков различной генеалогической и ареальной принадлежности. Для каждого языка описываются обнаруженные в нем валентностные классы, выделяемые по признаку средств кодирования двух ядерных актантов, и приводится классификация собранных предикативных выражений по валентностным классам. Помимо этого, в рамках сборника публикуется исследовательская анкета и инструкция по сбору материала, а также обобщающая статья, в которой подводятся квантитативно-типологические результаты, полученные в ходе работы по проекту. Сборник предназначен для широкого круга специалистов, интересующихся предикатно-актантными отношениями и типологией"
linguistics,causation,,article,tatevosov2018,"Татевосов, Сергей Г.",,Заметки о фальшивой каузативизации,2018,,,,7-44,,,Вопросы языкознания,1,,,,,10.31857/S0373658X0003425-6,"В статье обсуждается явление фальшивой каузативизации, состоящее в том, что некоторым вхождениям каузативного показателя не соответствует отдельное каузирующее подсобытие и его участник. Предлагаемое в работе объяснение опирается на предположение, что фальшивый каузатив маркирует нестандартное отношение между подсобытиями в событийной структуре. Практическая реализация этой идеи основывается на теории радикальной предикатной декомпозиции, согласно которой отношения между подсобытиями имеют независимую синтаксическую репрезентацию, а также на наносинтаксическую теорию фонологической реализации грамматической структуры."
linguistics,causation,Urdu,phdthesis,hafeez2018,"Hafeez, S.",,"Causativity and agentivity in Urdu: sensitivity of case clitics and light verbs to volitionality, intentionality, and control in Urdu",2018,,,,,,,,,,University at Buffalo,,,,
linguistics,causation,Cabécar,phdthesis,lehmann2018,"Lehmann, N.",,Event representation and encoding of causality from a typological perspective: A case study of Cabécar,2018,,,,,,,,,,Humboldt-Universität zu Berlin,,,,
"linguistics, semantics",causation,,incollection,lyutikovatatevosov2018,"Lyutikova, Ekaterina and Tatevosov, Sergei","Levin, Th. and Masuda, R.",Event (de)composition and fake causativization,2018,,The MIT Press,"Cambridge, MA",34-56,Proceedings of the 10th workshop on Altaic formal linguistics,,,,,,,,,
"linguistics, semantics, syntax","causation, actionality, event structure",,article,rasia2019,"Rasia, Maria Eugenia Mangialavori",,"Stativity in the Causative Alternation? New Questions and a New Variant",2019,,,,233-259,,,Open Linguistics,5,1,,,https://www.degruyter.com/document/doi/10.1515/opli-2019-0014/html,,"I draw attention to the claim that, in certain languages, the causative-inchoative alternation extends to a third, external-argument-only variant with stative behavior. Productivity and systematicity raise a host of problems for current generalizations on the Causative Alternation and change-of-state verbs for various reasons, starting from the long-held claim that unique arguments of change-of-state verbs are by default internal. Insofar as the causative component is independently realized in a noneventive, nonepisodic frame, this variant challenges (a) a widely agreed rule of event composition, whereby cause, if pres-ent, causally implicates process; (b) the claim that cause(r) interpretation of the external argument is a byproduct of transitivization. The present discussion: (a) brings out a crosslanguage contrast bearing on default (cause/undergoer) interpretation of unique arguments in equipollent alternations; (b) provides new empirical data supporting the stativity of the (causative) outer v head; (c) substantiates important predictions in the literature (e.g. that verbs of causation should have stative readings; that external-argument-only variants of Object-Experiencer verbs should be found); (d) captures further verb classes allowing the alternation; and (e) shows crucial contrasts with other transitive-(in/a)transitive alternations involving null/arb objects. Aspect and determination of different (a)atransitivity alternations are central throughout."
"linguistics, semantics, syntax",event structure,,book,truswell2019,,"Truswell, Robert",The Oxford Handbook of Event Structure,2019,,Oxford University Press,Oxford,736 pp.,,,,,,,,,,"This volume offers an introduction to current research in event structure, the study of the role of events in grammar. This area of study breaks down into several interrelated questions: How do we perceive events? How do events as objects of perception relate to linguistic event descriptions? What structural distinctions can we make among events, and how are these distinctions reflected grammatically? How do events relate to their participants? To what extent does syntax constrain the grammar of event descriptions? The handbook reflects the growth of this field, from three foundational hypotheses: that action sentences are predicates of event variables (Davidson), that verb meanings can be divided into a small number of aspectual classes (Vendler), and that verb meanings can be partly decomposed into a small set of recurring primitives (Lakoff, McCawley). Part I considers the implications of the Davidsonian event variable for aspects of natural language metaphysics; Part II considers the relationship of event structure to morphosyntax; Part III focuses on crosslinguistic variation in event descriptions; and Part IV covers less narrowly grammatical aspects of event structure."
"linguistics, semantics, syntax","argument structure, grammatical relations",,book,witzlackmakarevichbickel2019,,"Witzlack-Makarevich, Alena and Bickel, Balthasar",Argument Selectors: A new perspective on grammatical relations,2019,,John Benjamins Publishing Company,Amsterdam/Philadelphia,536 pp.,,,,,,,,https://benjamins.com/catalog/tsl.123,,"Capitalizing on the by now widely accepted idea of the construction-specific and language-specific nature of grammatical relations, the editors of the volume developed a modern framework for systematically capturing all sorts of variations in grammatical relations. The central concepts of this framework are the notions of argument role and its referential properties, argument selector, as well as various conditions on argument selections. The contributors of the volume applied this framework in their descriptions of grammatical relations in individual languages and discussed its limitations and advantages. This resulted in a coherent description of grammatical relations in thirteen genealogically and geographically diverse languages based on original and extensive fieldwork on under-described languages. The volume presents a far more detailed picture of the diversity of argument selectors and effects of predicates, referential properties of arguments, as well as of various clausal conditions on grammatical relations than previously published grammatical descriptions."
"linguistics, linguistic typology",voice,,book,zunigakittila2019,"Zúñiga, Fernando and Kittilä, Seppo",,Grammatical Voice,2019,,Cambridge University Press,Cambridge,292 pp.,,,,,,,,,,"The grammatical category of voice covers a wide range of phenomena, including causatives, applicatives, passives, antipassives, middles, and others. Drawing on data from over 200 languages, Fernando Zúñiga and Seppo Kittilä illustrate the semantic, morphological, and syntactic variation of voice across languages from a range of families and regions. They approach the topic from a broad and explicit perspective, and discuss a variety of topics that are not always regarded as voice, in order to make a clear and useful conceptual delimitation. Clearly organized and accessibly written, the book will be welcomed by students and scholars of linguistics, especially those interested in how grammatical categories work."
linguistics,voice,Austronesian,article,chenmcDonnell2019,"Chen, Victoria and McDonnell, Bradley",,Western Austronesian voice,2019,,,,173-195,,,Annual Review of Linguistics,5,1,,,https://www.annualreviews.org/doi/abs/10.1146/annurev-linguistics-011718-011731,doi:10.1146/annurev-linguistics-011718-011731,"Over the past four decades, the nature of western Austronesian voice—typically subcategorized as Philippine-type and Indonesian-type—has triggered considerable debate in the typological and syntactic literature. Central questions in these debates have been concerned with how voice alternations in western Austronesian languages interact with grammatical relations, transitivity, and syntactic alignment. In this review, we reassess the syntactic properties of voice alternations in western Austronesian languages, in some cases focusing on more controversial alternations, including the putative antipassive and applicative constructions in Philippine-type languages and the passive constructions in Indonesian-type languages. We discuss reasons that favor a valency-neutral approach to western Austronesian voice and evidence against a valency-changing and/or ergative approach to the analysis of these languages."
linguistics,causation,Spanish,phdthesis,arinobizarro2019,"Ariño-Bizarro, A. ",,Intentionality of causal events in Spanish: a psycholinguistic study,2019,,,,,,,,,,Universidad de Zaragoza,,,,
linguistics,causation,,book,barashersiegalboneh2020,,"Bar-Asher Siegal, Elitzur A. and Boneh, Nora",Perspectives on Causation: Selected Papers from the Jerusalem 2017 Workshop,2020,,Springer,Cham,,,,,,,,,,"https://doi.org/10.1007/978-3-030-34308-8","This book explores relationships and maps out intersections between discussions on causation in three scientific disciplines: linguistics, philosophy, and psychology. The book is organized in five thematic parts, investigating connections between philosophical and linguistic studies of causation; presenting novel methodologies for studying the representation of causation; tackling central issues in syntactic and semantic representation of causal relations; and introducing recent advances in philosophical thinking on causation. Beyond its thematic organization, readers will find several recurring topics throughout this book, such as the attempt to reduce causality to other non-causal terms; causal pluralism vs. one all-encompassing account for causation; causal relations pertaining to the mental as opposed to the physical realm, and more. This collection also lays the foundation for questioning whether it is possible to evaluate available philosophical approaches to causation against the variety of linguistic phenomena ranging across diverse lexical and grammatical items, such as bound morphemes, prepositions, connectives, and verbs. Above all, it lays the groundwork for considering whether the fruits of the psychological-cognitive study of the perception of causal relations may contribute to linguistic and philosophical studies, and whether insights from linguistics can benefit the other two disciplines."
linguistics,"causation, causative-inchoative",,incollection,tubinoblanco2020,"Tubino-Blanco, Mercedes",,Causative-Inchoative in Morphology,2020,,Oxford University Press,Oxford,,Oxford Research Encyclopedia of Linguistics,,,,,,,https://oxfordre.com/linguistics/display/10.1093/acrefore/9780199384655.001.0001/acrefore-9780199384655-e-595,,"The Causative/Inchoative alternation involves pairs of verbs, one of which is causative and the other non-causative syntactically and semantically (e.g., John broke the window vs. The window broke). In its causative use, an alternating verb is used transitively and understood as externally caused. When used non-causatively, the verb is intransitive and interpreted as spontaneous. The alternation typically exhibits an affected argument (i.e., a Theme) in both intransitive and transitive uses, whereas the transitive use also involves a Causer that brings about the event. Although they are often volitional agents (e.g., John broke the window with a stone), external causers may also be non-volitional causers (e.g., The earthquake broke the windows) and instruments (e.g., The hammer broke the window). Morphologically, languages exhibit different patterns reflecting the alternation, even intralinguistically. In languages like English, alternations are not morphologically coded, but they are in most languages. Languages like Hindi commonly mark causative (or transitive) alternations by means of different mechanisms, such as internal vowel changes or causative morphology. In many European languages, a subset of alternating verbs may exhibit an uncoded alternation, but most alternating verbs mark anticausativization with a reflexive-like clitic. In Yaqui (Uto-Aztecan), different patterns are associated with different verbal roots. The alternation may be uncoded, equipollent (i.e., both alternating forms are coded), and anticausative. Theoretically, different approaches have explored the alternation. Both lexical and syntactic causativization and anticausativization accounts have been proposed to explain the alternation. A third approach postulates that both forms are derived from a common source."
linguistics,argument structure,,talk,,,,Argument Structure for the 21st Century,2020,,,,,,,,,,,,https://www.youtube.com/watch?v=1_bjHrMunWo ,,
linguistics,causation,,incollection,bellinghametal2020,"Bellingham, Erika and Evers, Stephanie and Kawachi, Kazuhiro and Mitchell, Alice and Park, Sang-Hee and Stepanova, Anastasia and Bohnemeyer, Jürgen","Bar-Asher Siegal, Elitzur and Boneh, Nora","Exploring the representation of causality across languages: Integrating production, comprehension and conceptualization perspectives",2020,,,,75-119,Perspectives on causation. Selected papers from the Jerusalem 2017 workshop,,,,,,,,https://doi.org/10.1007/978-3-030-34308-8_3,"We present three new studies into the representation of causality across languages and cultures, drawing on preliminary findings of the project Causality Across Languages (CAL; NSF Award BCS-1535846 and BCS-1644657). The first is an examination of the strategies that speakers of different languages employ when verbalizing causal chains in narratives. These strategies comprise the output of decisions concerning which subevents to represent specifically, which to represent in an underspecified manner, and which to leave to nonmonotonic inferences such as conversational implicatures. The second study targets the semantic typology of causative constructions. We implemented a multiphasic design protocol that combines the collection of production data with that of comprehension data from a larger number of speakers. Goodness-of-fit judgments were collected based on an eight-point scale. We found a strong main effect of language and of domain of causation (physical vs. psychological vs. speech act causation); in contrast, the involvement of an intermediate event participant in the causal chain did not exert a significant effect. The third study investigates whether culture modulates the effect of intentionality on nonverbal attributions of responsibility. A linear mixed effects regression model indicated a significant interaction between intentionality and population, in line with previous findings by social psychologists. These studies represent the first large-scale comparison of how speakers of different languages categorize causal chains for the purposes of describing them."
"linguistics, linguistic typology",voice,,book,bahrt2021,"Bahrt, Nicklas N.",,Voice syncretism,2021,,Language Science Press,Berlin,,,,,,,,,,DOI: 10.5281/zenodo.5948872,"This book provides a comprehensive typological account of voice syncretism, focusing on resemblance in formal verbal marking between two or more of the following seven voices: passives, antipassives, reflexives, reciprocals, anticausatives, causatives, and applicatives. It covers voice syncretism from both synchronic and diachronic perspectives, and has been structured in a manner that facilitates convenient access to information about specific patterns of voice syncretism, their distribution and development. The book is based on a survey of voice syncretism in 222 geographically and genealogically diverse languages, but also thoroughly revisits previous research on the phenomenon. Voice syncretism is approached systematically by establishing and exploring patterns of voice syncretism that can logically be posited for the seven voices of focus in the book: 21 simplex patterns when one considers two of the seven voices sharing the same marking (e.g. reflexive-reciprocal syncretism), and 99 complex patterns when one considers more than two of the voices sharing the same marking (e.g. reflexive-reciprocal-anticausative syncretism). In a similar vein, 42 paths of development can logically be posited if it is assumed that voice marking in each of the seven voices can potentially develop one of the other six voice functions (e.g. reflexive voice marking developing a reciprocal function). This approach enables the discussion of both voice syncretism that has received considerable attention in the literature (notably middle syncretism involving the reflexive, reciprocal, anticausative and/or passive voices) and voice syncretism that has received little or no treatment in the past (including seemingly contradictory patterns such as causative-anticausative and passive-antipassive syncretism). In the survey almost all simplex patterns are attested in addition to seventeen complex patterns. In terms of diachrony, evidence is presented and discussed for twenty paths of development. The book strives to highlight the variation found in voice syncretism across the world’s languages and encourage further research into the phenomenon."
"linguistics, linguistic typology",antipassive,,book,janicwitzlackmakarevich2021,,"Janic, Katarzyna and Witzlack-Makarevich, Alena","Antipassive: Typology, diachrony, and related constructions",2021,,John Benjamins Publishing Company,Amsterdam/Philadelphia,,,,,,,,,,,
linguistics,causation,,article,xrakovskij2021,"Храковский, Виктор Самуилович",,Опыт сопоставительного анализа причинных и каузативных конструкций,2021,Causal vs. causative constructions: A tentative analysis,,,7-25,,,Вопросы языкознания,5,,,,,,"В статье проводится сопоставительный функционально-семантический анализ причинных (каузальных) и каузативных конструкций, который, насколько нам известно, до сих пор не проводился, хотя и те и другие конструкции отображают одну и ту же комплексную каузативную ситуацию, которая состоит из ситуации причины и детерминируемой ею ситуации следствия. Синтаксическое устройство сопоставляемых конструкций различно. Причинная конструкция состоит из двух клауз: основной, обозначающей следствие, и зависимой, обозначающей причину. Каузативная конструкция — одноклаузная, в которой участники ситуации причины и участники ситуации следствия выражаются актантами глагольного сказуемого, а сама причина преимущественно выражается факультативно. Соответственно, в центре внимания причинной конструкции находится причина, а в центре внимания каузативной конструкции находится следствие. Существенно также подчеркнуть, что каузативная конструкция может выступать в роли каждой клаузы причинной конструкции."
"linguistics, linguistic typology","valency, voice",,unpublished,haspelmath2022draft,"Haspelmath, Martin",,Valency and voice constructions,2022,,,,,,,,,,,draft,https://www.academia.edu/48878841/Valency_and_voice_constructions,,"This paper provides an overview of the key concepts and associated terminology in the domain of valency and voice constructions. It does not discuss explanatory theories, but focuses on clarifying the concepts and terms to serve as the basis for an evaluation of competing theories. An appendix gives simple definitions of 41 technical terms, many of which do not have a consistent meaning in the earlier literature."
"linguistics, linguistic typology",middle,,article,inglese2022,"Inglese, Guglielmo",,Towards a typology of middle voice systems,2022,,,,489-531,,,Linguistic Typology,26,3,,,,https://doi.org/10.1515/lingty-2020-0131,"The middle voice is a notoriously controversial typological notion. Building on previous work (e.g. Kemmer, Suzanne. 1993. The middle voice. Amsterdam & Philadelphia: John Benjamins), in this paper I propose a new working definition of middle markers as inherently polyfunctional constructions which are partly associated with valency change in opposition to bivalent (or more) verbs and partly lexically obligatory with monovalent verbs. Based on this definition, the paper undertakes a systematic survey of 149 middle voice constructions in a sample of 129 middle-marking languages. Evidence from the sample shows that middle voice systems display a much richer variation in forms and functions than is reported in the literature. This richer empirical evidence challenges some of the mainstream views on middle marking, especially its purported connection with reflexivity and grooming-type events, and calls for an overall rethinking of the typology of the middle voice."
"linguistics, sign languages",argument structure,,article,kimmelman2022,"Kimmelman, Vadim",,Argument Structure in Sign Languages,2022,,,,19-38,,,Annual Review of Linguistics ,8,,,,https://www.annualreviews.org/doi/full/10.1146/annurev-linguistics-031220-122519,,"Although sign languages are crucial for research on the human linguistic capacity, argument structure in these languages is rarely addressed in theoretical and typological studies. This article provides an overview of existing research on argument structure and argument structure alternations in sign languages. It demonstrates that there are many fundamental similarities between the two modalities in the domain of argument structure, such as the basic valency patterns and the semantic basis of argument structure. At the same time, modality effects, such as iconicity, simultaneity, and the use of space, play an important role in argument structure realization. Finally, the article discusses how emerging sign languages present an opportunity to observe and study the emergence of argument structure."
linguistics,causation,,article,levshina2022,"Levshina, Natalia",,Semantic maps of causation: New hybrid approaches based on corpora and grammar descriptions,2022,,,,179-205,,,Zeitschrift für Sprachwissenschaft,41,1,,,,https://doi.org/10.1515/zfs-2021-2043,"The present paper discusses connectivity and proximity maps of causative constructions and combines them with different types of typological data. In the first case study, I show how one can create a connectivity map based on a parallel corpus. This allows us to solve many problems, such as incomplete descriptions, inconsistent terminology and the problem of determining the semantic nodes. The second part focuses on proximity maps based on Multidimensional Scaling and compares the most important semantic distinctions, which are inferred from a parallel corpus of film subtitles and from grammar descriptions. The results suggest that corpus-based maps of tokens are more sensitive to cultural and genre-related differences in the prominence of specific causation scenarios than maps based on constructional types, which are described in reference grammars. The grammar-based maps also reveal a less clear structure, which can be due to incomplete semantic descriptions in grammars. Therefore, each approach has its shortcomings, which researchers need to be aware of."
"linguistics, linguistic typology",labile verbs,,article,levshinahawkins2022,"Levshina, Natalia and Hawkins, John A.",,Verb-argument lability and its correlations with other typological parameters. A quantitative corpus-based study,2022,,,,94-120,,,Linguistic Typology at the Crossroads,2,1,,,,https://doi.org/10.6092/issn.2785-0943/13861,"We investigate the correlations between A- and P-lability for verbal arguments with other typological parameters using large, syntactically annotated corpora of online news in 28 languages. To estimate how much lability is observed in a language, we measure associations between Verbs or Verb + Noun combinations and the alternating constructions in which they occur. Our correlational analyses show that high P-lability scores correlate strongly with the following parameters: little or no case marking; weaker associations between lexemes and the grammatical roles A and P; rigid order of Subject and Object; and a high proportion of verb-medial clauses (SVO). Low P-lability correlates with the presence of case marking, stronger associations between nouns and grammatical roles, relatively flexible ordering of Subject and Object, and verb-final order. As for A-lability, it is not correlated with any other parameters. A possible reason is that A-lability is a result of more universal discourse processes, such as deprofiling of the object, and also exhibits numerous lexical and semantic idiosyncrasies. The fact that P-lability is strongly correlated with other parameters can be interpreted as evidence for a more general typology of languages, in which some tend to have highly informative morphosyntactic and lexical cues, whereas others rely predominantly on contextual environment, which is possibly due to fixed word order. We also find that P-lability is more strongly correlated with the other parameters than any of these parameters are with each other, which means that it can be a very useful typological variable. "
"linguistics, linguistic typology",anticausative,,article,inglese2022,"Inglese, Guglielmo",,Cross-linguistic sources of anticausative markers,2022,,,,127-186,,,Linguistic Typology at the Crossroads,2,2,,,,https://doi.org/10.6092/issn.2785-0943/14224,"The (anti)causative alternation, that is, the alternation whereby languages contrast intransitive verbs expressing spontaneous events with transitive ones expressing externally caused events, has been the object of extensive language-specific and cross-linguistic studies. Within this type of alternation, marking on the intransitive member goes under the name of anticausative marking, while marking on the transitive member is causative marking. Historical research has mostly focused on causatives, while the diachrony of anticausative markers has largely been neglected. In the literature, only two possible cross-linguistic sources of anticausatives are mentioned: reflexives and passives. By looking at a sample of 97 languages, in this paper I show that sources of anticausativization are much more varied than what currently reported in the literature. Taking this richer diachronic evidence into account also sheds light on some yet controversial aspects concerning the relationship between anticausativization and reflexivity."
linguistics,"causation, lability",Mehweb,article,daniel2022,"Daniel, Michael",,"Double causatives, lability and elusive agent in Mehweb",2022,,,,73-97,,,STUF - Language Typology and Universals,75,1,,,,https://doi.org/10.1515/stuf-2022-1049,"In this paper, I consider double causatives in Mehweb, a one village language spoken in Daghestan, Russia, and belonging to the Dargwa branch of East Caucasian. The capability of stacking two causative suffixes seems to be lexically restricted, and mapping onto verbal meanings that are typically P-labile in the languages of the family. Interestingly, the verbs allowing double causatives are not morphosyntactically labile in Mehweb, which is generally poor in labile verbs as compared to sister languages. I conclude that the ability to form double causatives is not a consequence of the morphosyntactic property of being labile; rather, both morphosyntactic properties follow from the same component of the lexical semantics of these verbs and ultimately from the properties of the situational concepts they convey. As a tentative functional explanation I suggest that the relevant property is the weakened status of the agentive participant."
linguistics,causation,Tsugni Dargwa,article,sulaibanovsumbatova2022,"Сулайбанов, Г. Р. and Сумбатова, Н. Р.",,Об одном типологическом раритете: каузатив в цугнинском диалекте даргинского языка,2022,On one typological rarity: The causative in Tsugni Dargwa,,,109-131,,,Вопросы языкознания,3,,,,,DOI: 10.31857/0373-658X.2022.3.109-131,
linguistics,verb classification,,article,majewskakorhonen2023,"Majewska, Olga and Korhonen, Anna",,Verb Classification Across Languages,2023,,,,313-333,,,Annual Review of Linguistics,9,,,,,,"Recent developments in language modeling have enabled large text encoders to derive a wealth of linguistic information from raw text corpora without supervision. Their success across natural language processing (NLP) tasks has called into question the role of man-made computational resources, such as verb lexicons, in supporting modern NLP. Still, probing analyses have concurrently exposed the limitations of the knowledge possessed by the large neural architectures, revealing them to be clever task solvers rather than self-taught linguists. Can human-designed lexical resources still help fill their knowledge gaps? Focusing on verb classification, we discuss approaches to generating verb classes multilingually and weigh the relative benefits of undertaking expensive lexicographic work and outsourcing the task to untrained native speakers. Then, we consider the evidence for the utility of augmenting pretrained language models with external verb knowledge and ponder the ways in which human expertise can continue to benefit multilingual NLP."
"linguistics, linguistic typology",reciprocal,,article,nordlinger2023,"Nordlinger, Rachel",,The Typology of Reciprocal Constructions,2023,,,,71-91,,,Annual Review of Linguistics,9,,,,,https://www.annualreviews.org/doi/10.1146/annurev-linguistics-022421-064006,"Reciprocal constructions involve a complex mapping of semantics onto morphosyntax, requiring multiple propositions to be overlaid onto a single clause and the permutation of semantic roles within the set of participants involved. This complexity challenges the standard processes relating predicates to situations, and thus languages arrive at a great diversity of solutions for how reciprocal situations are encoded within a single clausal structure. Recent typological work has showcased this diversity from different perspectives, but further work is needed to determine how different morphosyntactic and semantic properties interact and what implicational connections and correlations exist with other parts of the linguistic system. Theoretical typologies highlight the importance of reciprocal constructions for our understanding of grammatical structure crosslinguistically."
linguistics,causation,Tatyshly Udmurt,article,belova2023,"Белова, Дарья Дмитриевна",,К вопросу о событийной структуре морфологического каузатива: данные татышлинского говора удмуртского языка,2023,On the question of the event structure of the morphological causative: Tatyshly Udmurt data,,,,,,Урало-алтайские исследования,49,2,,,,DOI: 10.37892/2500-2902-2023-49-1-7-26,"В работе исследуются событийно-структурные свойства каузативных глагольных дериватов с суффиксом -t в татышлинском говоре удмуртского языка (респ. Башкортостан). Применительно к каузативам, образованным от агентивных (одноместных и двуместных) основ, рассматриваются следующие явления, связанные с событийной структурой, которые приняты в литературе в качестве диагностик одно- или двусобытийности каузативов: набор возможных контролеров субъекта деепричастной клаузы (только Каузатор / Каузатор и Каузируемый), модификация адвербиалами образа действия, временнóй локализации, длительности и кратности (только каузируемое подсобытие / каузируемое и каузирующее подсобытия / вся ситуация целиком). Применение диагностик показывает следующие результаты. Тест на возможность контроля субъекта деепричастной клаузы единственный из всего набора соответствует двусобытийной структуре, что может быть связано с внешними синтаксическими факторами и тем самым ставит под сомнение надежность теста в других языках. Тесты на интерпретацию адвербиалов показывают, что каузирющее подсобытие не может принимать никакие модификаторы и имеет экстремально редуцированную структуру. Каузативы и с контактной, и с дистантной семантикой, таким образом, являются однособытийными, что противоречит известным данным литературного удмуртского языка. Полученные результаты говорят в пользу подхода к семантике каузативов как к континууму между прямой и непрямой каузацией. Татышлинские морфологические каузативы с суффиксом -t покрывают весь семантический континуум, кроме собственно непрямых, поскольку даже дистантные употребления не допускают временнóго разрыва между каузирующим и каузируемым подсобытиями. Тот факт, что ситуации каузации, которые концептуализируются как единые неделимые ситуации, выражаются морфологически продуктивными, а не лексическими средствами, представляется типологически любопытным."
linguistics,causation,,manuscript,caoetal2023,"Cao, Angela and Geiger, Atticus and Kreiss, Elisa and Icard, Thomas and Gerstenberg, Tobias",,"A Semantics for Causing, Enabling, and Preventing Verbs Using Structural Causal Models",2023,,,,,,,,,,,,https://cicl.stanford.edu/papers/cao2023semantics.pdf,https://doi.org/10.31234/osf.io/kpu52,
"linguistics, linguistic typology","transitivity, valency, voice",,book,creissels2024,"Creissels, Denis",,"Transitivity, Valency, and Voice",2024,,,,,,,,,,,,,,
linguistics,lability,Latin,article,ongenae2024,"Ongenae, Tim A. F.",,Permittito aperiat oculum: typological considerations on P-lability and its interaction with morphosyntactic alignment in Latin medical texts,2024,,,,79-113,,,Folia Linguistica,58,s45-s1,,,,https://doi.org/10.1515/flin-2024-2005 ,"This paper explores the diachrony of Latin P-labile verbs (verbs that can be used transitively and intransitively with the preservation of the Patient and without a formal change), availing itself from evidence in medical and veterinary texts from the first to seventh century AD. The first part of the analysis discusses the influence of verbal semantics on the domain of lability in these texts and how lability developed as a diathetic strategy for the anticausative, the causative and the passive in Latin. Special attention is paid to the increase of P-lability as an anticausative strategy and its relation to the mediopassive and reflexive anticausative strategies in Late Latin. The second part of the analysis proposes a new explanation for the increase of P-lability in Latin and discusses the consequences of the development of a semantic-based alignment in Late Latin (the extended accusative) on the syntax and development of P-labile verbs."
linguistics,causation,,article,schwenkler2023,"Schwenkler, John",,The categories of causation,2024,,,,,,,Synthese,203,9,,,,,"This paper is an essay in what Austin (Proc Aristotel Soc 57: 1–30, 1956–1957) called ""linguistic phenomenology"". Its focus is on showing how the grammatical features of ordinary causal verbs, as revealed in the kinds of linguistic constructions they can figure in, can shed light on the nature of the processes that these verbs are used to describe. Specifically, drawing on the comprehensive classification of English verbs founds in Levin (English verb classes and alternations: a preliminary investigation, University of Chicago Press, Chicago, 1993), I divide the forms of productive causal processes into five classes, corresponding to Aristotle's ontological categories: there are processes that cause change in location, in state, and in quantity; and that lead to the creation and destruction of substances. These broader categories are then subdivided into other ones, corresponding to different Levin classes, according to further differences in the causal processes they involve. I conclude by discussing the relevance of this argument to research in metaphysics and experimental philosophy."
"linguistics, linguistic typology",valency change,Nenets,phdthesis,stenin2024,"Стенин, Иван А.",,Актантная деривация в тундровом ненецком языке в типологической перспективе,2024,,,,,,,,,,,,,,
linguistics,reciprocal,,phdthesis,kruitwagen2024,"Kruitwagen, Imke",,Lexical reciprocal verbs,2024,,,,151 pp.,,,,,,,,https://www.lotpublications.nl/lexical-reciprocal-verbs,,"Reciprocal verbs alternate between unary collective sentences (Carrie and Aidan fought), binary sentences (Carrie fought Aidan) and “with” sentences (Carrie fought with Aidan). There is no agreement in the literature on the semantic account that properly characterizes the reciprocal alternation. Results of the experiments that we reported show that, in contrast to the common assumption in the field, the reciprocal alternation does not show a unidirectional entailment from unary reciprocal sentences to the binary reciprocal. In other words: if it is true that Carrie and Aidan fought, it is not necessarily true that Carrie fought Aidan and Aidan fought Carrie. The reciprocal alternation has a more complex semantics, which is not exhausted by standard logical notions like symmetry. To give a full account of reciprocal verb meaning, we also need to consider the conceptual content of the verb and its sensitivity to typicality effects. We found that in asymmetric events the acceptance of reciprocal sentences is boosted if participants in the event show the relevant emotion or intention, for instance ‘being angry’ in case of an event for the verb ‘fight’. We argued that the semantic relation between the different reciprocal alternates can be accounted for by a Threshold Model, based on the notion of typicality.The new element in our use of the Threshold Model is in accounting for the systematic relations between the argument structure of reciprocal verbs and the conceptual meaning of the verbs."
linguistics,reciprocal,,phdthesis,palmieri2024,"Palmieri, Giada",,Lexical and Grammatical Reciprocity,2024,,,,205 pp.,,,,,,,,https://www.lotpublications.nl/lexical-and-grammatical-reciprocity,,"In English, reciprocal meanings can be expressed through two distinct strategies: grammatical and lexical. Grammatical reciprocity involves dedicated elements that target a verb’s argument and express mutuality, as in the sentence “The girls kissed each other”, whereas lexical reciprocity is expressed by an intransitive predicate, as in “The girls kissed”. Unlike English, many languages do not clearly differentiate between these two reciprocal strategies. Reciprocal interpretations are commonly associated with the element “si” in Italian, or with the verbal marker “an” in Swahili, without an apparent distinction between lexical and grammatical processes. This thesis focuses on the characterization of lexical reciprocity as opposed to grammatical reciprocity, particularly in Romance and Bantu languages where only one reciprocal form is available on the surface. The proposed analysis studies the contribution of reciprocal markers in these languages, and covers a broad cross-linguistic sample of phenomena that are distinctive of lexical reciprocal predicates. By analyzing central semantic and morphosyntactic properties of reciprocals, this thesis offers a unifying perspective on the characterization of reciprocity across languages, irrespective of whether they show an evident distinction between lexical and grammatical processes."
linguistics,"causation, valency",Nenets,phdthesis,stenin2024phd,"Стенин, Иван Андреевич",,Актантная деривация в тундровом ненецком языке в типологической перспективе,2024,,,,,,,,,,НИУ ВШЭ,,,,
linguistics,causation,Basque,article,berroetal2025,"Berro, A. and Odria, A. and Fernández, B.",,Indirect causatives in Basque: The syntax of implicit causees,2025,,,,1285-1325,,,Natural Language & Linguistic Theory,43,,,,,https://doi.org/10.1007/s11049-024-09637-1,"In Basque there is a morphological causative construction where the causative suffix is added to the verbal root and an additional argument—the causer—is added to the already existing ones. In this paper we analyze indirect causatives (ICs), that is, morphological causative constructions where the causee—the caused-to-act subject—is left implicit, with no morphological reflex. Our analysis argues that both causative constructions, the direct and the indirect ones, involve a Voice-over-Voice projection and discusses its consequences for Case and Agreement. Additionally, we explore the nature of the implicit causee, and claim that it is syntactically projected as a strong implicit argument but with deficient φ-features. In these respects, it is similar to the impersonal subject found in Basque. Nevertheless, it differs in one key aspect: the causee is projected in a phrase with its own probe, resulting in distinct behavior concerning the PCC. This paper contributes to the discussion on the different versions of Voice, the syntactic nature of implicit arguments and how they interact in different constructions like causatives and impersonals."
linguistics,causation,Hawaiian ,article,medeiros2025,"Medeiros, D. J.",,Inner and outer domains for Hawaiian causatives and nominalizers,2025,,,,,,,Glossa: a journal of general linguistics,10,1,,,,https://doi.org/10.16995/glossa.9194,"Hawaiian valency-related morphology includes a complex set of surface forms which have traditionally been understood as causatives. Despite phonological similarity among this set of forms, these have traditionally been analyzed as separate morphemes. A closer view of their distribution and argument structure suggests an analysis in which these forms are allomorphs of one underlying, valency-increasing morpheme. A similar analysis of two nominalizing forms suggests that these are also allomorphs of one valency-decreasing morpheme. In each case (causatives and nominalizers), an analysis of surface realization is presented in terms of inner (or root-selecting) and outer domains. With the analysis of causatives and nominalizers in place, corpus evidence suggests that the inner causative allomorph and inner nominalizing allomorph do not co-occur, even though co-occurrence of the inner nominalizer and the outer causative is common. This data suggests a morpho-syntactic view of word formation, according to which morphological properties result from general properties of the morpho-syntax, such as the availability of only one root-selecting position for a given root."
linguistics,causation,,article,baglinibarashersiegal2025,"Baglini, Rebekah and Bar-Asher Siegal, Elitzur A.",,Modeling linguistic causation,2025,,,,647-691,,,Linguistics and Philosophy,48,,,,,https://doi.org/10.1007/s10988-025-09436-w,"This paper develops a formal methodology for capturing and representing the semantics of causal expressions in natural languages. Focusing on two causative constructions—covert causatives (change-of-state verbs) and overt causatives (the verb cause)—it provides a proof of concept for analyzing the distinguished meanings of different causative constructions. We adopt the formal framework of Structural Equation Modeling (SEM) to analyze causality and integrate it into model-theoretic semantics for interpreting causal statements. In our approach, the selection of a cause within a particular construction depends on its inclusion in a sufficient set of conditions that bring about the effect, as well as on specific properties of the cause itself. To formalize this process, we introduce the concept of causative-construction selection (CC-selection), which captures how speakers select a causative construction that aligns with the relational structure between states of affairs. For each relevant condition within the sufficient set, CC-selection determines whether it can be encoded as the cause in a statement articulated through a specific causative construction, thereby describing a particular state of affairs. We argue that CC-selection plays a central role in shaping the meaning of causal statements. By leveraging the SEM framework, CC-selection effects can be formally explained through contrasts within the structure of a model. For instance, notions of sufficiency and necessity, which play a crucial role in these selections, are rigorously defined within SEM, allowing for a precise account of CC-selection effects. This paper further illustrates how CC-selection accounts for contrastive inference patterns across constructions. By focusing on the two causative constructions central to our discussion, it resolves longstanding puzzles associated with change-of-state (CoS) verbs. The proposed framework establishes a foundation for the systematic study of causal language, bridging semantics and philosophy while providing tools to investigate the interplay between causative constructions and their associated causal meanings."
linguistics,causation,Portuguese ,article,goncalvessantos2025,"Gonçalves, A. and Santos, A. L.",,Causatives with small clause complements,2025,,,,1-24,,,Isogloss. Open Journal of Romance Linguistics,11,7,,,,https://doi.org/10.5565/rev/isogloss.583,"We discuss the syntactic properties of a small subset of verbs in European Portuguese (EP) that have a causative interpretation and may also have a locative meaning, namely pôr a ‘put to / make’ and deixar a ‘make’. We show that in their non-locative interpretation they are causatives taking as their complement a Prepositional Infinitival Construction (PIC), which we analyze as an AspP, but also a domain in which a predication relationship is established. We thus show that the PIC in EP, which has previously been identified under perception verbs, can also occur as the complement of causatives and we contribute to identify a new class of causatives, which are syntactically distinct from faire-type causatives. We additionally explore a decausative counterpart of one of these syntactic causatives, pôr-se a ‘begin’, which we analyze as a raising verb, close to a semi-auxiliary, whose complement is also an AspP, but not exactly a PIC, to the extent that this AspP does not coincide with a domain in which a predication relationship is established."
"linguistics, philosophy",causation,,article,barashersiegal2026,"Bar-Asher Siegal, Elitzur A.",,Causation and Causal Relations: Insights from Natural Language,2026,,,,125-145,,,Annual Review of Linguistics,12,,,,,https://doi.org/10.1146/annurev-linguistics-041824-031335,"This article examines the relationship between natural language and causal cognition and argues that linguistic expressions both reflect and constrain the ways in which humans conceptualize and represent causation. It opens with a survey of foundational philosophical theories of causation, focusing on the tension between metaphysical accounts and judgment-based approaches. The discussion then turns to a range of linguistic phenomena—including causative constructions, conditional sentences, discourse coherence, aspectual interpretation, and argument structure—demonstrating how causal relations are systematically encoded across grammatical domains. Building on insights from linguistics, philosophy, and cognitive science, the article reviews recent developments of a semantic framework for modeling causal knowledge in language. Rather than assuming a uniform mapping between causal relations and their linguistic expressions, the framework accounts for systematic variation in how causality is selected, structured, and communicated. In doing so, it positions natural language as a key source of evidence for understanding the architecture of causal reasoning and its representation in human cognition."
linguistics,causation,"Hindi-Urdu, Turkish, Sason Arabic",article,neu2026,"Neu, Eva",,Direct causatives of unergatives: A view from variable unaccusativity,2026,,,,,,,Natural Language & Linguistic Theory,44,,,,,https://doi.org/10.1007/s11049-025-09693-1,"In several languages, unergative verbs are able to undergo the causative alternation, contrary to common assumptions. Direct causatives of unergatives raise a vexing question concerning the status of the causee: given the unergative nature of the verb, the causee should be realized as an external argument; however, direct causatives are assumed to make only one external argument position available, which must already be occupied by the causer. This paper investigates direct causatives of unergatives in Hindi-Urdu, Turkish, and Sason Arabic and shows that they have a regular transitive structure. The causee is merged as an internal argument and receives a patient-like interpretation clearly distinct from the agentive reading assigned to the subject of the intransitive unergative. To account for these findings, I link direct causatives of unergatives to variable unaccusativity, that is, the phenomenon that verbs can allow for both an unaccusative and an unergative use. Concretely, I propose that the structures that have been described as direct causatives of unergatives are not, strictly speaking, causatives of unergatives. Rather, the normally unergative root takes on an unaccusative behavior in such contexts and can thus causativize as usual. I address the issue of crosslinguistic variation in the availability of direct causatives of unergatives and I discuss further implications of the analysis for the general architecture of the lexicon–syntax interface."
"linguistics, psycholinguistics",causation,"Korean, Mandarin Chinese, English",article,kimmarsden2026,"Kim, Jihyun and Marsden, Heather",,"Cross-Linguistic Constraints on Subjecthood in Causative Psych Verbs: An Experimental Investigation of Korean, Mandarin Chinese and English",2026,,,,,,,Glossa Psycholinguistics,5,1,,,,https://doi.org/10.5070/G6011.49020,"This study investigates whether crosslinguistic constraints on subject selection in physical causative constructions extend to causative psychological verbs (psych verbs, e.g., frighten, surprise), with a focus on subject volitionality. According to Wolff et al.’s (2009) initiator hypothesis, languages tend to restrict subjecthood in causative events to entities that can plausibly initiate a causal chain. While this has been established for physical causatives, it remains unclear whether similar constraints apply in psychological causation. To test this, we conducted an Acceptability Judgment Task in which native speakers of Korean, Mandarin Chinese, and English rated grammatical sentences varying in subject volitionality. The results showed that only Korean speakers consistently dispreferred non-volitional subjects, suggesting that their subject selection is more constrained by volitionality. These findings indicate that the initiator hypothesis extends beyond physical causatives to psych verbs and that crosslinguistic variation in subject selection persists across domains."